strategy,sparsity_pct,split,method,n_buildings,mae,rmse,bias,med_ae,p90_ae,pearson,spearman,mae_30m,mae_40m,rr_mean,rr_med
random,0.01,val_cph,A_coarse,3369,5.56596507348941,6.6291528778552715,-4.676066968662511,5.1284379959106445,10.01800537109375,0.8515735208602535,0.8250587053898352,11.861931615405613,17.269662528202453,0.0,0.0
random,0.01,val_cph,B_monocular,3369,8.062834120473706,11.311431424886731,3.310434826771756,5.677421569824219,18.091733932495135,0.31590053756537395,0.27564204912929,13.223391201761034,13.552886107872272,0.8421029743268215,0.9191415409914668
random,0.01,val_cph,F1_nn,3369,8.87362688892638,13.025838944044532,-6.765816530287079,5.219290733337402,21.681685638427737,0.31331741253321654,0.3016052158246795,24.488742125912623,31.175109065812208,-1.566280246009123,-0.8244375892739678
random,0.01,val_cph,F2_linear,3369,8.782777085222323,12.785380475935527,-6.227945025277038,5.0152788162231445,21.392782217264177,0.3155731047890062,0.31491356984921337,24.08779873036676,30.834590067123546,-1.5334738049691485,-0.8244388720336826
random,0.01,val_cph,F4_depth_affine,3369,8.806602968442586,11.198047576014396,-6.228972324652357,7.823337554931641,17.788375021924733,0.32967296490005615,0.3065620941484365,24.387384582279505,35.31827787708106,-1.5446560858169491,-1.1153712704528504
random,0.01,val_cph,D_sparse_mono,3369,8.806602968442586,11.198047576014396,-6.228972324652357,7.823337554931641,17.788375021924733,0.32967296490005615,0.3065620941484365,24.387384582279505,35.31827787708106,-1.5446560858169491,-1.1153712704528504
random,0.01,val_cph,E_sparse_coarse,3369,7.0257021267020665,8.455907912924436,-5.605347585204231,6.431741714477539,12.750447845458988,0.6918922129836511,0.6564196637266076,18.302032192548115,26.508229913382696,-0.7923991716975018,-0.5576901080485477
random,0.05,val_cph,A_coarse,3369,5.56596507348941,6.6291528778552715,-4.676066968662511,5.1284379959106445,10.01800537109375,0.8515735208602535,0.8250587053898352,11.861931615405613,17.269662528202453,0.0,0.0
random,0.05,val_cph,B_monocular,3369,8.062834120473706,11.311431424886731,3.310434826771756,5.677421569824219,18.091733932495135,0.31590053756537395,0.27564204912929,13.223391201761034,13.552886107872272,0.8421029743268215,0.9191415409914668
random,0.05,val_cph,F1_nn,3369,5.329699382732991,9.712355841972945,-3.680625062409068,0.2876605987548828,19.782835006713874,0.5568646823352519,0.5789324526793751,9.267668789834715,14.924369343395892,0.049119769265908046,0.9841923190101269
random,0.05,val_cph,F2_linear,3369,5.417760249652845,9.480651478554778,-3.2319335386405452,0.8229904174804688,19.29976460337639,0.5629580864061337,0.5885453692329423,9.217674346847666,14.862754864939328,0.0757496280349016,0.9643733396456714
random,0.05,val_cph,F4_depth_affine,3369,8.23623177118391,10.484146840823978,-6.286635626113154,7.049983024597168,15.986868572235112,0.4360112497449632,0.430998376652235,25.331285901607544,36.773929365750014,-1.684510958390379,-1.2487204741118827
random,0.05,val_cph,D_sparse_mono,3369,8.23623177118391,10.484146840823978,-6.286635626113154,7.049983024597168,15.986868572235112,0.4360112497449632,0.430998376652235,25.331285901607544,36.773929365750014,-1.684510958390379,-1.2487204741118827
random,0.05,val_cph,E_sparse_coarse,3369,6.831946087971102,8.211420208547853,-5.629281029670955,6.291437149047852,12.281978130340578,0.7357022118699846,0.703106569442593,18.789736919932896,27.22156833780223,-0.86009879929117,-0.6258435470314924
random,0.1,val_cph,A_coarse,3369,5.56596507348941,6.6291528778552715,-4.676066968662511,5.1284379959106445,10.01800537109375,0.8515735208602535,0.8250587053898352,11.861931615405613,17.269662528202453,0.0,0.0
random,0.1,val_cph,B_monocular,3369,8.062834120473706,11.311431424886731,3.310434826771756,5.677421569824219,18.091733932495135,0.31590053756537395,0.27564204912929,13.223391201761034,13.552886107872272,0.8421029743268215,0.9191415409914668
random,0.1,val_cph,F1_nn,3369,3.4582170591412758,7.51747197772853,-2.0720668634750745,0.08300209045410156,15.579207801818862,0.7039447440864299,0.7339425661221721,4.605470365948147,8.35824624423323,0.7390528536501446,0.9969231141789716
random,0.1,val_cph,F2_linear,3369,3.617471747313194,7.33877154418883,-1.6862098204106781,0.5532817840576172,14.77302980422974,0.7093878323735751,0.7416413495068498,4.606391054060724,7.819626203898726,0.7165369227470606,0.9969231141789716
random,0.1,val_cph,F4_depth_affine,3369,8.090472552576763,10.227730517085302,-6.139965380508484,7.186820030212402,15.625504398345951,0.443574725839193,0.4309251720192192,25.80878439909425,37.00354500474601,-1.692236843169764,-1.0775133821123686
random,0.1,val_cph,D_sparse_mono,3369,8.090472552576763,10.227730517085302,-6.139965380508484,7.186820030212402,15.625504398345951,0.443574725839193,0.4309251720192192,25.80878439909425,37.00354500474601,-1.692236843169764,-1.0775133821123686
random,0.1,val_cph,E_sparse_coarse,3369,6.78440162809752,8.111079118215551,-5.555478079760386,6.37294864654541,11.983719825744629,0.7483182164734701,0.7115735626575189,19.05304029252794,27.332502726850837,-0.8642334587368657,-0.5677019650550283
random,0.5,val_cph,A_coarse,3369,5.56596507348941,6.6291528778552715,-4.676066968662511,5.1284379959106445,10.01800537109375,0.8515735208602535,0.8250587053898352,11.861931615405613,17.269662528202453,0.0,0.0
random,0.5,val_cph,B_monocular,3369,8.062834120473706,11.311431424886731,3.310434826771756,5.677421569824219,18.091733932495135,0.31590053756537395,0.27564204912929,13.223391201761034,13.552886107872272,0.8421029743268215,0.9191415409914668
random,0.5,val_cph,F1_nn,3369,1.4050938930182968,4.603495261418722,-0.3681095743269243,0.020069122314453125,3.8370149612426974,0.867210891099039,0.8924043879247116,1.7381971677144368,4.147649304620151,0.9657443885910963,1.0003048778537793
random,0.5,val_cph,F2_linear,3369,1.6157711270587436,4.251803306031091,-0.1462573365198771,0.36207008361816406,4.224572372436525,0.8844535059544918,0.8977561541078165,2.041011916266547,4.307547075995084,0.9356493715189035,1.0150352448346192
random,0.5,val_cph,F4_depth_affine,3369,8.10974604433028,10.288506291092126,-6.239039912125979,7.1764020919799805,15.578897857666018,0.4452026443282146,0.4327564570203622,25.59091386731202,36.953433661625304,-1.6842463798603808,-0.9968427020023652
random,0.5,val_cph,D_sparse_mono,3369,8.10974604433028,10.288506291092126,-6.239039912125979,7.1764020919799805,15.578897857666018,0.4452026443282146,0.4327564570203622,25.59091386731202,36.953433661625304,-1.6842463798603808,-0.9968427020023652
random,0.5,val_cph,E_sparse_coarse,3369,6.802712331657543,8.141322092926048,-5.603880697788708,6.345502853393555,12.09794135093689,0.7482782793758879,0.7107727148128816,18.916065560446846,27.297177117446374,-0.8595625299423503,-0.5284319918778834
random,1.0,val_cph,A_coarse,3369,5.56596507348941,6.6291528778552715,-4.676066968662511,5.1284379959106445,10.01800537109375,0.8515735208602535,0.8250587053898352,11.861931615405613,17.269662528202453,0.0,0.0
random,1.0,val_cph,B_monocular,3369,8.062834120473706,11.311431424886731,3.310434826771756,5.677421569824219,18.091733932495135,0.31590053756537395,0.27564204912929,13.223391201761034,13.552886107872272,0.8421029743268215,0.9191415409914668
random,1.0,val_cph,F1_nn,3369,0.861225744859738,3.466158990448776,-0.13889843578258326,0.013268470764160156,0.7274216651916519,0.9225205268738768,0.9401616050647447,1.451279534233941,3.523254789155105,1.0031492011066359,1.0002739968392336
random,1.0,val_cph,F2_linear,3369,1.130798921358618,3.241614498041849,0.04662193812256232,0.3054218292236328,2.0799900054931655,0.9313544975029605,0.9418712850608298,1.6429010033607483,3.44482002587154,0.9475438550154217,1.0089735234507602
random,1.0,val_cph,F4_depth_affine,3369,8.072183872877579,10.203306257957186,-6.277995239735129,7.214001178741455,15.336949348449707,0.4582830826961399,0.4427639043414521,25.724383794229556,37.12808582700532,-1.7053388224462507,-0.9948315741739036
random,1.0,val_cph,D_sparse_mono,3369,8.072183872877579,10.203306257957186,-6.277995239735129,7.214001178741455,15.336949348449707,0.4582830826961399,0.4427639043414521,25.724383794229556,37.12808582700532,-1.7053388224462507,-0.9948315741739036
random,1.0,val_cph,E_sparse_coarse,3369,6.791587586429247,8.11832582313344,-5.622058110116433,6.325479507446289,11.95960960388184,0.7557202961442485,0.7184559744677799,18.98006208737691,27.380847306087098,-0.8696897124609666,-0.5278446223064415
random,5.0,val_cph,A_coarse,3369,5.56596507348941,6.6291528778552715,-4.676066968662511,5.1284379959106445,10.01800537109375,0.8515735208602535,0.8250587053898352,11.861931615405613,17.269662528202453,0.0,0.0
random,5.0,val_cph,B_monocular,3369,8.062834120473706,11.311431424886731,3.310434826771756,5.677421569824219,18.091733932495135,0.31590053756537395,0.27564204912929,13.223391201761034,13.552886107872272,0.8421029743268215,0.9191415409914668
random,5.0,val_cph,F1_nn,3369,0.33811726721404695,2.0772791845394543,0.04978973461769709,0.004378318786621094,0.0581268310546876,0.9717961903295417,0.9769196329919111,0.39071745342678493,0.9357777299552128,1.001362377125276,1.0000705684994893
random,5.0,val_cph,F2_linear,3369,0.6343487595595108,1.9222029630151651,0.043133289562468466,0.2200298309326172,0.9706575088202966,0.9756671973016341,0.9740751896358989,0.9666957590315077,1.8881303195295662,0.9613518283728741,1.0088777446044157
random,5.0,val_cph,F4_depth_affine,3369,8.05481303316607,10.186392459449248,-6.2254455148118915,7.180239677429199,15.409457206726078,0.4574812011972487,0.44397673091528844,25.554052721423723,37.00393420252307,-1.6937261846446634,-0.962628371165548
random,5.0,val_cph,D_sparse_mono,3369,8.05481303316607,10.186392459449248,-6.2254455148118915,7.180239677429199,15.409457206726078,0.4574812011972487,0.44397673091528844,25.554052721423723,37.00393420252307,-1.6937261846446634,-0.962628371165548
random,5.0,val_cph,E_sparse_coarse,3369,6.782747245222249,8.108220717394099,-5.597482240065439,6.321511268615723,11.939801406860353,0.7539015842072225,0.7174403811134723,18.886569248305427,27.31996569140204,-0.8639740491263106,-0.5124909309498565
building_aware,0.01,val_cph,A_coarse,3369,5.56596507348941,6.6291528778552715,-4.676066968662511,5.1284379959106445,10.01800537109375,0.8515735208602535,0.8250587053898352,11.861931615405613,17.269662528202453,0.0,0.0
building_aware,0.01,val_cph,B_monocular,3369,8.062834120473706,11.311431424886731,3.310434826771756,5.677421569824219,18.091733932495135,0.31590053756537395,0.27564204912929,13.223391201761034,13.552886107872272,0.8421029743268215,0.9191415409914668
building_aware,0.01,val_cph,F1_nn,3369,5.738113707042203,10.162514143478981,-3.5117052174780596,0.7009658813476562,19.85479698181153,0.4933692816201285,0.5367082075923332,15.453196701904139,26.146369309260926,-0.8600574009763856,-0.38530612401535647
building_aware,0.01,val_cph,F2_linear,3369,5.86723439758639,10.043543098359377,-2.9840100580235274,1.2412891387939453,19.56560668945314,0.49283524976439513,0.5442316171854882,15.380987972848946,25.908132310571343,-0.8958458811546619,-0.27471839839774964
building_aware,0.01,val_cph,F4_depth_affine,3369,6.387850262489973,8.578387278657564,-3.1252961303266615,5.351044654846191,13.041513442993164,0.4857238362533527,0.47373248012152397,21.98119803269704,34.809310617118044,-1.53812565677632,-0.9740980754988029
building_aware,0.01,val_cph,D_sparse_mono,3369,6.387850262489973,8.578387278657564,-3.1252961303266615,5.351044654846191,13.041513442993164,0.4857238362533527,0.47373248012152397,21.98119803269704,34.809310617118044,-1.53812565677632,-0.9740980754988029
building_aware,0.01,val_cph,E_sparse_coarse,3369,5.676813763300826,7.050600555146241,-4.074010086579328,5.053882598876953,10.34914436340332,0.7631825470084157,0.7327484392642644,17.088666611247593,26.22480445072569,-0.7864671864416041,-0.4886036497816492
building_aware,0.05,val_cph,A_coarse,3369,5.56596507348941,6.6291528778552715,-4.676066968662511,5.1284379959106445,10.01800537109375,0.8515735208602535,0.8250587053898352,11.861931615405613,17.269662528202453,0.0,0.0
building_aware,0.05,val_cph,B_monocular,3369,8.062834120473706,11.311431424886731,3.310434826771756,5.677421569824219,18.091733932495135,0.31590053756537395,0.27564204912929,13.223391201761034,13.552886107872272,0.8421029743268215,0.9191415409914668
building_aware,0.05,val_cph,F1_nn,3369,3.026316501413722,7.250402311388113,-1.8570730070930608,0.039021968841552734,14.156329488754295,0.718195954094095,0.7556242408271315,4.749170806672838,8.676452077668289,0.6212500478611197,0.9989165013321522
building_aware,0.05,val_cph,F2_linear,3369,3.2215852405764895,7.1223290367783765,-1.5311903849681894,0.4308147430419922,13.6656478881836,0.7228753467065052,0.7579892840951956,4.741412493917677,7.9888906150028625,0.674789538241,0.999992784513835
building_aware,0.05,val_cph,F4_depth_affine,3369,6.254719093498653,8.369424190741286,-3.0792090627779434,4.997715950012207,12.694162654876713,0.5052324108284562,0.5016755225816966,22.20760421620475,34.76754390782323,-1.468253357056421,-0.9743398114938694
building_aware,0.05,val_cph,D_sparse_mono,3369,6.254719093498653,8.369424190741286,-3.0792090627779434,4.997715950012207,12.694162654876713,0.5052324108284562,0.5016755225816966,22.20760421620475,34.76754390782323,-1.468253357056421,-0.9743398114938694
building_aware,0.05,val_cph,E_sparse_coarse,3369,5.641742463985251,6.998597225137577,-4.05727488172544,5.067470550537109,10.316021728515626,0.7706233002582998,0.7443993693377355,17.27413766913944,26.21360831425108,-0.75286812968016,-0.49268037367586953
building_aware,0.1,val_cph,A_coarse,3369,5.56596507348941,6.6291528778552715,-4.676066968662511,5.1284379959106445,10.01800537109375,0.8515735208602535,0.8250587053898352,11.861931615405613,17.269662528202453,0.0,0.0
building_aware,0.1,val_cph,B_monocular,3369,8.062834120473706,11.311431424886731,3.310434826771756,5.677421569824219,18.091733932495135,0.31590053756537395,0.27564204912929,13.223391201761034,13.552886107872272,0.8421029743268215,0.9191415409914668
building_aware,0.1,val_cph,F1_nn,3369,1.9670372882577472,5.703608724685008,-1.3795537959432016,0.0182037353515625,8.025003242492678,0.8185623732673217,0.8505690630972508,3.0319216781192355,7.098399918654869,0.7210563596465105,0.9992790771946374
building_aware,0.1,val_cph,F2_linear,3369,2.168066306371953,5.555827338496178,-1.0929239951627174,0.3356494903564453,7.678743374347687,0.8237472692365426,0.8532127224236328,3.320552044444614,7.318005364516686,0.7223682694572054,0.9992371220272941
building_aware,0.1,val_cph,F4_depth_affine,3369,6.181965863839797,8.326834519684018,-3.1219641046135314,4.985528945922852,12.490648174285889,0.5193854700356686,0.5115351876599155,21.5874328745736,33.52282596456593,-1.3483806752418843,-0.871708232546501
building_aware,0.1,val_cph,D_sparse_mono,3369,6.181965863839797,8.326834519684018,-3.1219641046135314,4.985528945922852,12.490648174285889,0.5193854700356686,0.5115351876599155,21.5874328745736,33.52282596456593,-1.3483806752418843,-0.871708232546501
building_aware,0.1,val_cph,E_sparse_coarse,3369,5.614372441481317,6.9737824859673525,-4.075332503468393,5.031619071960449,10.273566818237308,0.7735915358457278,0.7463308433835705,16.973222096761067,25.6079667847732,-0.6949523141429289,-0.44275648511135207
building_aware,0.5,val_cph,A_coarse,3369,5.56596507348941,6.6291528778552715,-4.676066968662511,5.1284379959106445,10.01800537109375,0.8515735208602535,0.8250587053898352,11.861931615405613,17.269662528202453,0.0,0.0
building_aware,0.5,val_cph,B_monocular,3369,8.062834120473706,11.311431424886731,3.310434826771756,5.677421569824219,18.091733932495135,0.31590053756537395,0.27564204912929,13.223391201761034,13.552886107872272,0.8421029743268215,0.9191415409914668
building_aware,0.5,val_cph,F1_nn,3369,0.4288783189842861,2.3056041466096495,-0.28589100420602376,0.003810882568359375,0.07134704589843759,0.9668587439800986,0.9722229466842828,0.7097903357611762,1.722551674678408,0.9984383686348993,0.9998543041961152
building_aware,0.5,val_cph,F2_linear,3369,0.7352777364388274,2.407789305302105,-0.2622516319026216,0.2165679931640625,0.918111038208008,0.9638065056067702,0.964897048390794,1.2037213908301458,2.496282643285291,0.9506998359649854,1.013212695693268
building_aware,0.5,val_cph,F4_depth_affine,3369,6.2102666542004945,8.26979951647544,-3.1472226278763906,5.171945095062256,12.386652946472175,0.5238437104495511,0.5118030815180649,21.602766984038883,33.52943622654882,-1.3623883028483819,-0.8582355701059304
building_aware,0.5,val_cph,D_sparse_mono,3369,6.2102666542004945,8.26979951647544,-3.1472226278763906,5.171945095062256,12.386652946472175,0.5238437104495511,0.5118030815180649,21.602766984038883,33.52943622654882,-1.3623883028483819,-0.8582355701059304
building_aware,0.5,val_cph,E_sparse_coarse,3369,5.644778067240756,6.976376223816167,-4.089916944435575,5.075045585632324,10.235076141357425,0.775741282958577,0.7478756490536911,16.98189647992452,25.617312332679486,-0.7021330179485725,-0.43647677037284177
building_aware,1.0,val_cph,A_coarse,3369,5.56596507348941,6.6291528778552715,-4.676066968662511,5.1284379959106445,10.01800537109375,0.8515735208602535,0.8250587053898352,11.861931615405613,17.269662528202453,0.0,0.0
building_aware,1.0,val_cph,B_monocular,3369,8.062834120473706,11.311431424886731,3.310434826771756,5.677421569824219,18.091733932495135,0.31590053756537395,0.27564204912929,13.223391201761034,13.552886107872272,0.8421029743268215,0.9191415409914668
building_aware,1.0,val_cph,F1_nn,3369,0.2720172505320531,1.8249602031442502,-0.14825158572015795,0.002025604248046875,0.030224227905273453,0.9785332706397714,0.9843236371609337,0.8128636123405563,1.9782399740712395,0.8765325352713313,0.9999523016102503
building_aware,1.0,val_cph,F2_linear,3369,0.5639224443920381,1.9077062343123095,-0.18893116881849265,0.1814289093017578,0.7511772155761722,0.976665118320018,0.9751053435977003,1.3976363473468356,2.9826907125012627,0.836889807754319,0.9984993891043831
building_aware,1.0,val_cph,F4_depth_affine,3369,6.245531391535925,8.300395385692086,-3.201101661117946,5.2098188400268555,12.375361633300782,0.5224192304434623,0.5093334746821587,21.551062577300602,33.3820109202944,-1.3447316616548854,-0.8403128043770963
building_aware,1.0,val_cph,D_sparse_mono,3369,6.245531391535925,8.300395385692086,-3.201101661117946,5.2098188400268555,12.375361633300782,0.5224192304434623,0.5093334746821587,21.551062577300602,33.3820109202944,-1.3447316616548854,-0.8403128043770963
building_aware,1.0,val_cph,E_sparse_coarse,3369,5.669283046033681,6.997840381093654,-4.116851301629289,5.14628791809082,10.292082977294926,0.7749030078768969,0.7471304172277683,16.956581486596,25.545645878232758,-0.6934935836232891,-0.42198306781216116
building_aware,5.0,val_cph,A_coarse,3369,5.56596507348941,6.6291528778552715,-4.676066968662511,5.1284379959106445,10.01800537109375,0.8515735208602535,0.8250587053898352,11.861931615405613,17.269662528202453,0.0,0.0
building_aware,5.0,val_cph,B_monocular,3369,8.062834120473706,11.311431424886731,3.310434826771756,5.677421569824219,18.091733932495135,0.31590053756537395,0.27564204912929,13.223391201761034,13.552886107872272,0.8421029743268215,0.9191415409914668
building_aware,5.0,val_cph,F1_nn,3369,0.041977452393030315,0.4547563120283247,-0.016762194088264182,0.000148773193359375,0.004196548461914063,0.9986502567792463,0.9988666515115083,0.20432684156629774,0.502825901426118,0.971224875932727,1.0
building_aware,5.0,val_cph,F2_linear,3369,0.17274784462892515,0.647284385727061,-0.056282862735767485,0.07230663299560547,0.2370552062988282,0.9972790007794345,0.9961551882628561,0.5873648060692681,1.229193325700431,0.9297479972231675,0.9958733468611937
building_aware,5.0,val_cph,F4_depth_affine,3369,6.34897669521098,8.407183252355372,-3.3954536263923183,5.2824201583862305,12.625542259216314,0.518748671521391,0.5086439675007896,21.846435765425365,33.72592634990298,-1.3655904147041138,-0.877812559199522
building_aware,5.0,val_cph,D_sparse_mono,3369,6.34897669521098,8.407183252355372,-3.3954536263923183,5.2824201583862305,12.625542259216314,0.518748671521391,0.5086439675007896,21.846435765425365,33.72592634990298,-1.3655904147041138,-0.877812559199522
building_aware,5.0,val_cph,E_sparse_coarse,3369,5.736064008882986,7.0672995848083575,-4.212448534016643,5.210016250610352,10.36412181854248,0.7728413151016164,0.7454701996371484,17.10251067744361,25.717539359783306,-0.7039122831784045,-0.4411403748994772
random,0.01,test_ny,A_coarse,728,15.310683113348844,17.229816992821878,-14.076872021144071,16.376408576965332,24.311287879943848,0.8525406513603908,0.7861556473552086,19.39782981313005,20.781251880484568,0.0,0.0
random,0.01,test_ny,B_monocular,728,21.011705367181165,27.345655365243573,15.002603730064008,15.519070625305176,47.99007129669191,0.13607553843566203,0.028974297732292657,13.871470599271813,16.826632231054173,1.299508337226556,0.9680564247216579
random,0.01,test_ny,F1_nn,728,24.492191508184327,30.40083285454816,-19.628503171181766,30.282950401306152,40.28726997375489,0.12911244359646729,0.00874981532513825,30.412730066143737,31.25862207211239,-0.4137425308671149,-0.7462833221585514
random,0.01,test_ny,F2_linear,728,24.362090558223017,29.960610673335527,-18.803726146714045,29.27707590162754,40.036067199707034,0.1274714262696898,-0.009483248030165972,30.01356521118052,30.72143934457235,-0.37217003701979695,-0.7105256275045737
random,0.01,test_ny,F4_depth_affine,728,28.208309485527685,32.13616071948188,-25.739697020184146,36.91451490036941,40.27397636715095,0.07427718009551429,-0.20241303747960446,36.921581366560176,37.61070599944004,-0.922325239167631,-0.9450688156708534
random,0.01,test_ny,D_sparse_mono,728,28.208309485527685,32.13616071948188,-25.739697020184146,36.91451490036941,40.27397636715095,0.07427718009551429,-0.20241303747960446,36.921581366560176,37.61070599944004,-0.922325239167631,-0.9450688156708534
random,0.01,test_ny,E_sparse_coarse,728,21.686857395672373,24.367647491592823,-19.980860543058633,26.701783657073975,32.000218200683605,0.5865312007318552,0.5042305902236651,28.134099524240103,29.128675084718516,-0.4733874056568314,-0.4725351230845426
random,0.05,test_ny,A_coarse,728,15.310683113348844,17.229816992821878,-14.076872021144071,16.376408576965332,24.311287879943848,0.8525406513603908,0.7861556473552086,19.39782981313005,20.781251880484568,0.0,0.0
random,0.05,test_ny,B_monocular,728,21.011705367181165,27.345655365243573,15.002603730064008,15.519070625305176,47.99007129669191,0.13607553843566203,0.028974297732292657,13.871470599271813,16.826632231054173,1.299508337226556,0.9680564247216579
random,0.05,test_ny,F1_nn,728,14.936490035615861,23.15965605371572,-11.7316823093282,4.198703765869141,39.38103256225586,0.43939499052947717,0.3599017121162201,18.32912697410401,19.016117886600778,0.057690884394072627,0.8538812766617766
random,0.05,test_ny,F2_linear,728,15.27298993695077,22.799777964773227,-11.145685380406595,4.972972869873047,39.04357490539551,0.4392375162236291,0.3566255806571607,18.59522489107081,19.482818441386794,0.07847194852929648,0.8198551246161757
random,0.05,test_ny,F4_depth_affine,728,26.791402122973864,30.605571059320795,-24.286218635882115,34.33688545227051,40.40942418811274,0.1012485316170665,-0.1405422586082862,34.96986028546374,38.07811628295773,-0.9987431517526797,-0.9172533471563603
random,0.05,test_ny,D_sparse_mono,728,26.791402122973864,30.605571059320795,-24.286218635882115,34.33688545227051,40.40942418811274,0.1012485316170665,-0.1405422586082862,34.96986028546374,38.07811628295773,-0.9987431517526797,-0.9172533471563603
random,0.05,test_ny,E_sparse_coarse,728,21.04362125981952,23.62494234164196,-19.269990254964956,25.17513132095337,31.67910900115967,0.6211092815574747,0.4983343302258999,27.256359914492588,29.60344816261614,-0.5115385602903474,-0.45862668583637245
random,0.1,test_ny,A_coarse,728,15.310683113348844,17.229816992821878,-14.076872021144071,16.376408576965332,24.311287879943848,0.8525406513603908,0.7861556473552086,19.39782981313005,20.781251880484568,0.0,0.0
random,0.1,test_ny,B_monocular,728,21.011705367181165,27.345655365243573,15.002603730064008,15.519070625305176,47.99007129669191,0.13607553843566203,0.028974297732292657,13.871470599271813,16.826632231054173,1.299508337226556,0.9680564247216579
random,0.1,test_ny,F1_nn,728,11.30789948509786,19.46527399756487,-9.343105209665117,0.6242642402648926,38.86616973876953,0.6074134582715149,0.52474068992352,13.685517453904055,11.904265010860604,0.4969535953759748,0.9955118162109129
random,0.1,test_ny,F2_linear,728,11.537909388194208,18.961055698089858,-8.624332295270166,2.162670135498047,37.85772171020508,0.6129212954639651,0.5227501805895507,13.984674426974083,12.136943718287307,0.5454888684622102,1.0171272163789782
random,0.1,test_ny,F4_depth_affine,728,28.163827556991386,31.842740915754845,-25.507633318004956,36.27855700141299,40.3230261881491,0.04375676244276967,-0.27471236264279697,36.82057095187509,37.94794881401602,-0.9975961326427101,-0.9270818831280532
random,0.1,test_ny,D_sparse_mono,728,28.163827556991386,31.842740915754845,-25.507633318004956,36.27855700141299,40.3230261881491,0.04375676244276967,-0.27471236264279697,36.82057095187509,37.94794881401602,-0.9975961326427101,-0.9270818831280532
random,0.1,test_ny,E_sparse_coarse,728,21.69838554633994,24.275499683256037,-19.873517174306606,26.47916603088379,32.10795569419861,0.5939183336206261,0.4684514328840147,28.13298525481808,29.527847860900447,-0.5108197646522254,-0.4688116945470179
random,0.5,test_ny,A_coarse,728,15.310683113348844,17.229816992821878,-14.076872021144071,16.376408576965332,24.311287879943848,0.8525406513603908,0.7861556473552086,19.39782981313005,20.781251880484568,0.0,0.0
random,0.5,test_ny,B_monocular,728,21.011705367181165,27.345655365243573,15.002603730064008,15.519070625305176,47.99007129669191,0.13607553843566203,0.028974297732292657,13.871470599271813,16.826632231054173,1.299508337226556,0.9680564247216579
random,0.5,test_ny,F1_nn,728,3.497947575642144,10.306840075927354,-2.5973898877164574,0.022554397583007812,11.408831501007104,0.8435387800645315,0.8409660401368856,4.088005774605031,4.036256508088448,0.8550652204362528,0.99912759525566
random,0.5,test_ny,F2_linear,728,4.182220655831171,10.055922309810269,-2.2998434649268678,0.8611106872558594,13.13119087219239,0.8487176534785847,0.8284918154605958,4.892371213709821,4.8459867996649,0.8845118608704644,1.031170509259742
random,0.5,test_ny,F4_depth_affine,728,28.207527078039544,31.9417660078664,-25.68469736826987,36.65087754506385,40.50321474582466,0.02525524646267892,-0.28156100343015017,37.030865267129464,38.781126798733276,-1.0444428610875656,-0.9295038465382806
random,0.5,test_ny,D_sparse_mono,728,28.207527078039544,31.9417660078664,-25.68469736826987,36.65087754506385,40.50321474582466,0.02525524646267892,-0.28156100343015017,37.030865267129464,38.781126798733276,-1.0444428610875656,-0.9295038465382806
random,0.5,test_ny,E_sparse_coarse,728,21.747898766906722,24.341808977733518,-19.95569052412875,26.56080389022827,32.107788276672366,0.5988614897658636,0.47015360530454886,28.264498722553252,29.935330777101115,-0.5334474300239485,-0.46431152680821763
random,1.0,test_ny,A_coarse,728,15.310683113348844,17.229816992821878,-14.076872021144071,16.376408576965332,24.311287879943848,0.8525406513603908,0.7861556473552086,19.39782981313005,20.781251880484568,0.0,0.0
random,1.0,test_ny,B_monocular,728,21.011705367181165,27.345655365243573,15.002603730064008,15.519070625305176,47.99007129669191,0.13607553843566203,0.028974297732292657,13.871470599271813,16.826632231054173,1.299508337226556,0.9680564247216579
random,1.0,test_ny,F1_nn,728,1.3712724982172373,5.909609017939437,-0.94828003508571,0.012923240661621094,1.297198104858408,0.9425870362753861,0.9417906706281178,1.6053442535351734,1.2939990372724937,0.9699622112893245,0.9996026780209837
random,1.0,test_ny,F2_linear,728,2.164854600671218,5.800931631923169,-0.5722882037248033,0.7389950752258301,3.9081175565719772,0.9434856928563672,0.9253057661899311,2.4189251987301574,2.0444248226326955,0.9979725109635785,1.030238360989157
random,1.0,test_ny,F4_depth_affine,728,28.37421902258311,32.09299550584164,-25.94303424475048,36.60258383794644,40.532038556506976,0.0031518751956631733,-0.2854615764962594,37.275568111521274,39.404862853212755,-1.0783838945215782,-0.9585158029617744
random,1.0,test_ny,D_sparse_mono,728,28.37421902258311,32.09299550584164,-25.94303424475048,36.60258383794644,40.532038556506976,0.0031518751956631733,-0.2854615764962594,37.275568111521274,39.404862853212755,-1.0783838945215782,-0.9585158029617744
random,1.0,test_ny,E_sparse_coarse,728,21.83875709806555,24.43271143682717,-20.081622523903928,26.55238151550293,32.10798921585083,0.6076424811456705,0.47386329740808913,28.396758257369605,30.244477836179062,-0.5496953028004842,-0.48048233483940045
random,5.0,test_ny,A_coarse,728,15.310683113348844,17.229816992821878,-14.076872021144071,16.376408576965332,24.311287879943848,0.8525406513603908,0.7861556473552086,19.39782981313005,20.781251880484568,0.0,0.0
random,5.0,test_ny,B_monocular,728,21.011705367181165,27.345655365243573,15.002603730064008,15.519070625305176,47.99007129669191,0.13607553843566203,0.028974297732292657,13.871470599271813,16.826632231054173,1.299508337226556,0.9680564247216579
random,5.0,test_ny,F1_nn,728,0.29230294024551307,1.9277307684838705,-0.012562442156435042,0.0040435791015625,0.027308273315429763,0.9935991429716887,0.9919280681793561,0.14114700628786672,0.18429726614079006,0.9985192789692021,0.9999574307292499
random,5.0,test_ny,F2_linear,728,0.8862148863928658,2.3386669736136563,0.09155710647394369,0.4807557463645935,1.143147122859955,0.9905837235317724,0.9686092210315626,0.8319449288504465,0.8455933852934502,1.0142127450956813,1.0232474481767144
random,5.0,test_ny,F4_depth_affine,728,28.2806264588717,32.01290531013462,-25.76182821880335,36.651747886964586,40.48640281260014,0.011327298436020487,-0.2534917866208644,37.13223207250429,38.92209731320834,-1.0513752484821026,-0.9436829618504818
random,5.0,test_ny,D_sparse_mono,728,28.2806264588717,32.01290531013462,-25.76182821880335,36.651747886964586,40.48640281260014,0.011327298436020487,-0.2534917866208644,37.13223207250429,38.92209731320834,-1.0513752484821026,-0.9436829618504818
random,5.0,test_ny,E_sparse_coarse,728,21.78616498797479,24.382837940206958,-19.993471365770777,26.63492441177368,32.00510654449464,0.5992415127922375,0.46578099887602786,28.319805893241142,30.01040787092397,-0.5366636847741798,-0.47580733878626547
building_aware,0.01,test_ny,A_coarse,728,15.310683113348844,17.229816992821878,-14.076872021144071,16.376408576965332,24.311287879943848,0.8525406513603908,0.7861556473552086,19.39782981313005,20.781251880484568,0.0,0.0
building_aware,0.01,test_ny,B_monocular,728,21.011705367181165,27.345655365243573,15.002603730064008,15.519070625305176,47.99007129669191,0.13607553843566203,0.028974297732292657,13.871470599271813,16.826632231054173,1.299508337226556,0.9680564247216579
building_aware,0.01,test_ny,F1_nn,728,10.592144874420757,19.380274547392943,-8.770516243619827,0.20154380798339844,38.962489700317384,0.5818449634278777,0.5259128741432069,13.264714670059632,10.74660199125048,0.48382219181620684,0.9896328947048656
building_aware,0.01,test_ny,F2_linear,728,10.700816410030802,18.945221937177497,-7.770162206736731,1.4313907623291016,38.48655772805215,0.5865126484885065,0.5632081430272707,13.237495218460657,10.525202010299118,0.5537655077860595,0.9984501470130662
building_aware,0.01,test_ny,F4_depth_affine,728,11.092882087486133,15.316328101479424,-7.460109061968314,8.297619819641113,25.709345626831055,0.6556216474354705,0.5625397420774163,13.361885281705312,18.69482552776938,0.12731927733475587,0.1586074026838457
building_aware,0.01,test_ny,D_sparse_mono,728,11.092882087486133,15.316328101479424,-7.460109061968314,8.297619819641113,25.709345626831055,0.6556216474354705,0.5625397420774163,13.361885281705312,18.69482552776938,0.12731927733475587,0.1586074026838457
building_aware,0.01,test_ny,E_sparse_coarse,728,12.481807621673699,14.97674665846466,-11.046305356072052,11.74863052368164,23.244573307037353,0.824895758543893,0.7043414725116455,15.727365816612632,19.625854938802586,0.037584093082948224,0.05362983837935943
building_aware,0.05,test_ny,A_coarse,728,15.310683113348844,17.229816992821878,-14.076872021144071,16.376408576965332,24.311287879943848,0.8525406513603908,0.7861556473552086,19.39782981313005,20.781251880484568,0.0,0.0
building_aware,0.05,test_ny,B_monocular,728,21.011705367181165,27.345655365243573,15.002603730064008,15.519070625305176,47.99007129669191,0.13607553843566203,0.028974297732292657,13.871470599271813,16.826632231054173,1.299508337226556,0.9680564247216579
building_aware,0.05,test_ny,F1_nn,728,4.893355333827088,12.864978034335907,-3.77453692040181,0.025587081909179688,21.54109401702896,0.7801164645256077,0.7793807701051167,5.899297417304954,5.722475233212323,0.7579757060061388,0.999046789858282
building_aware,0.05,test_ny,F2_linear,728,5.139935810149616,12.29690563547526,-3.0091635631397367,0.7535772323608398,19.390077400207527,0.7913026323321164,0.7938520641370601,6.071467392800414,5.87399095800561,0.8016549438190936,1.014592483518401
building_aware,0.05,test_ny,F4_depth_affine,728,10.964044656135732,14.953814631864333,-8.039413626418837,8.389620780944824,24.27450704574585,0.6931045278022024,0.5863464281845564,13.28242450521223,19.247022491333755,0.05381934622771693,0.15118018186678006
building_aware,0.05,test_ny,D_sparse_mono,728,10.964044656135732,14.953814631864333,-8.039413626418837,8.389620780944824,24.27450704574585,0.6931045278022024,0.5863464281845564,13.28242450521223,19.247022491333755,0.05381934622771693,0.15118018186678006
building_aware,0.05,test_ny,E_sparse_coarse,728,12.532546555366386,14.903660113341793,-11.317837452077054,12.046732425689697,22.812761116027836,0.847594409498671,0.7177936293004884,15.769958643037446,20.101422155407114,0.0025731831879089975,0.0538580088584108
building_aware,0.1,test_ny,A_coarse,728,15.310683113348844,17.229816992821878,-14.076872021144071,16.376408576965332,24.311287879943848,0.8525406513603908,0.7861556473552086,19.39782981313005,20.781251880484568,0.0,0.0
building_aware,0.1,test_ny,B_monocular,728,21.011705367181165,27.345655365243573,15.002603730064008,15.519070625305176,47.99007129669191,0.13607553843566203,0.028974297732292657,13.871470599271813,16.826632231054173,1.299508337226556,0.9680564247216579
building_aware,0.1,test_ny,F1_nn,728,3.0057232238500697,9.777000634141501,-2.5833094679458823,0.014105796813964844,6.155523395538363,0.8618886034042826,0.8655096944824439,3.72174575961366,2.877095976345976,0.8811364148502142,0.9994425970478203
building_aware,0.1,test_ny,F2_linear,728,3.341631217654999,9.45052180725482,-2.030151226455448,0.6343593597412109,5.994210815429727,0.8683890027193645,0.8714020244655211,4.073403267212668,3.376518419930633,0.9154056355434516,1.0173904165482306
building_aware,0.1,test_ny,F4_depth_affine,728,11.018242754331876,14.811174490153546,-7.88065255058875,8.494521141052246,23.97138900756836,0.6930580937462252,0.5824486887510073,13.229408727236548,19.30985909401321,0.07240515990854846,0.11712915990814522
building_aware,0.1,test_ny,D_sparse_mono,728,11.018242754331876,14.811174490153546,-7.88065255058875,8.494521141052246,23.97138900756836,0.6930580937462252,0.5824486887510073,13.229408727236548,19.30985909401321,0.07240515990854846,0.11712915990814522
building_aware,0.1,test_ny,E_sparse_coarse,728,12.582828547659615,14.891954323604883,-11.240544429215298,12.10728645324707,22.587213706970218,0.8459914790718152,0.715925206723485,15.849661049550892,20.053798279292145,0.010988104993813369,0.044043131141225614
building_aware,0.5,test_ny,A_coarse,728,15.310683113348844,17.229816992821878,-14.076872021144071,16.376408576965332,24.311287879943848,0.8525406513603908,0.7861556473552086,19.39782981313005,20.781251880484568,0.0,0.0
building_aware,0.5,test_ny,B_monocular,728,21.011705367181165,27.345655365243573,15.002603730064008,15.519070625305176,47.99007129669191,0.13607553843566203,0.028974297732292657,13.871470599271813,16.826632231054173,1.299508337226556,0.9680564247216579
building_aware,0.5,test_ny,F1_nn,728,0.7736807095685175,4.779892847906896,-0.7265724031009025,0.0026531219482421875,0.04337730407714868,0.9627755144635352,0.9644152466163816,0.956757099774419,0.9006702261911311,0.9714956722136527,0.9999978536747145
building_aware,0.5,test_ny,F2_linear,728,1.2032916997201168,4.498662013173387,-0.3692111691644231,0.49925804138183594,1.0814449310302743,0.9665925888227251,0.9624827792008022,1.4165366500007863,1.5336776535275956,0.984957866511351,1.020115948372471
building_aware,0.5,test_ny,F4_depth_affine,728,11.30643805773504,15.077023692329405,-8.258412245845053,9.032638788223267,24.173175525665282,0.6850122193598012,0.5720658231071085,13.496051740673625,20.2686292588812,0.03304280430058876,0.09418910261579064
building_aware,0.5,test_ny,D_sparse_mono,728,11.30643805773504,15.077023692329405,-8.258412245845053,9.032638788223267,24.173175525665282,0.6850122193598012,0.5720658231071085,13.496051740673625,20.2686292588812,0.03304280430058876,0.09418910261579064
building_aware,0.5,test_ny,E_sparse_coarse,728,12.805990976979196,15.107073550425836,-11.41567813630476,12.445435523986816,22.6627423286438,0.8432352527644063,0.7107704242919015,16.076487546064417,20.547204622080628,-0.007953160566218101,0.027928982461005444
building_aware,1.0,test_ny,A_coarse,728,15.310683113348844,17.229816992821878,-14.076872021144071,16.376408576965332,24.311287879943848,0.8525406513603908,0.7861556473552086,19.39782981313005,20.781251880484568,0.0,0.0
building_aware,1.0,test_ny,B_monocular,728,21.011705367181165,27.345655365243573,15.002603730064008,15.519070625305176,47.99007129669191,0.13607553843566203,0.028974297732292657,13.871470599271813,16.826632231054173,1.299508337226556,0.9680564247216579
building_aware,1.0,test_ny,F1_nn,728,0.32009564844922134,2.962508556419157,-0.2841669962163196,0.0013637542724609375,0.014067840576171886,0.9851549219402546,0.9822281823716636,0.4348780578496505,0.6663648259471839,0.9774137571574851,1.0
building_aware,1.0,test_ny,F2_linear,728,0.7690489049591533,3.0768556068368085,-0.08855587684109316,0.37827491760253906,0.8837968826293949,0.9839960222398499,0.9758387734384983,0.9121803190635175,1.1642187563046602,0.9911130342288759,1.0164824595051918
building_aware,1.0,test_ny,F4_depth_affine,728,11.666280955623673,15.350822840148847,-8.265650118707555,9.379290103912354,24.038977909088135,0.6661746633605802,0.5615904440309432,13.724229563609779,20.908922699518115,0.00654566663799958,0.06585129879632973
building_aware,1.0,test_ny,D_sparse_mono,728,11.666280955623673,15.350822840148847,-8.265650118707555,9.379290103912354,24.038977909088135,0.6661746633605802,0.5615904440309432,13.724229563609779,20.908922699518115,0.00654566663799958,0.06585129879632973
building_aware,1.0,test_ny,E_sparse_coarse,728,12.96440740149513,15.256486110353473,-11.420469347656693,12.455611228942871,22.811626243591313,0.8325840678996732,0.7045566106144824,16.143281543498137,20.867327250225443,-0.021175021361523754,0.02616997457916287
building_aware,5.0,test_ny,A_coarse,728,15.310683113348844,17.229816992821878,-14.076872021144071,16.376408576965332,24.311287879943848,0.8525406513603908,0.7861556473552086,19.39782981313005,20.781251880484568,0.0,0.0
building_aware,5.0,test_ny,B_monocular,728,21.011705367181165,27.345655365243573,15.002603730064008,15.519070625305176,47.99007129669191,0.13607553843566203,0.028974297732292657,13.871470599271813,16.826632231054173,1.299508337226556,0.9680564247216579
building_aware,5.0,test_ny,F1_nn,728,0.01149979266491565,0.11021595981663938,0.004112027503631927,1.1444091796875e-05,0.0021282196044921883,0.9999792441925133,0.9999490199194475,0.006096034147301498,0.013428916393871039,0.9991512914080073,1.0
building_aware,5.0,test_ny,F2_linear,728,0.17762310796795966,0.37333131594283425,-0.00804200254708201,0.13422012329101562,0.3620480537414554,0.999760475835608,0.9972349133586783,0.18275537685472137,0.2340114754690251,0.9985320921082316,0.9955936310464291
building_aware,5.0,test_ny,F4_depth_affine,728,13.392791160969104,17.268202056752752,-9.6173034759777,10.875650405883789,26.692741012573244,0.5787393340625536,0.5054504534714046,15.710736381561228,24.342223555777007,-0.14778769761167157,-0.06581227848026275
building_aware,5.0,test_ny,D_sparse_mono,728,13.392791160969104,17.268202056752752,-9.6173034759777,10.875650405883789,26.692741012573244,0.5787393340625536,0.5054504534714046,15.710736381561228,24.342223555777007,-0.14778769761167157,-0.06581227848026275
building_aware,5.0,test_ny,E_sparse_coarse,728,13.864057244092297,16.312868637744778,-12.087138512720376,12.991968154907227,24.258527755737322,0.7882605360563122,0.6723411043156562,17.14582388157747,22.573880447468287,-0.09719105133535165,-0.05074532267975311
