tile,building_mae,building_rmse,building_bias,pearson
SV_NewYork_40.7373_-74.0034.tif,56.452369689941406,56.98039245605469,56.452369689941406,0.7028021415530499
SV_NewYork_40.7372_-73.9901.tif,53.94265365600586,55.75083541870117,53.942047119140625,0.8125300514989293
SV_NewYork_40.7374_-74.0108.tif,56.87168502807617,57.82877731323242,56.87168502807617,0.7230887082738938
SV_NewYork_40.7360_-74.0071.tif,57.565547943115234,57.95580291748047,57.565547943115234,0.48159649751799505
SV_NewYork_40.7400_-73.9852.tif,51.90953063964844,53.7354850769043,51.90941619873047,0.7143976726574909
SV_NewYork_40.7344_-73.9916.tif,52.79743576049805,54.45213317871094,52.7970085144043,0.7159567217751092
SV_NewYork_40.7345_-74.0034.tif,57.603336334228516,58.27460861206055,57.603336334228516,0.6219884332429984
SV_NewYork_40.7335_-74.0053.tif,56.87897491455078,57.35974884033203,56.87897491455078,0.48256296454621694
SV_NewYork_40.7334_-74.0020.tif,54.97532272338867,55.55644226074219,54.97532272338867,0.7360743587406642
SV_NewYork_40.7359_-74.0020.tif,57.019710540771484,57.58958053588867,57.019710540771484,0.6602871825972356
SV_NewYork_40.7333_-73.9798.tif,53.75825500488281,54.787681579589844,53.75825500488281,0.3183186779379058
SV_NewYork_40.7388_-74.0108.tif,60.613525390625,61.34075164794922,60.613525390625,0.7758749945973868
SV_NewYork_40.7334_-73.9990.tif,53.94975662231445,54.763702392578125,53.94975662231445,0.8484763563633042
SV_NewYork_40.7374_-74.0052.tif,56.89239501953125,57.346221923828125,56.89239501953125,0.22893198211053714
SV_NewYork_40.7386_-73.9852.tif,53.500308990478516,54.89604949951172,53.48802947998047,0.65940885780037
SV_NewYork_40.7387_-73.9915.tif,51.03017807006836,52.18092346191406,51.03017044067383,0.7542356639847513
SV_NewYork_40.7335_-74.0108.tif,58.477508544921875,59.03173065185547,58.477508544921875,0.9084971333382998
SV_NewYork_40.7345_-73.9971.tif,53.6473274230957,54.538055419921875,53.6473274230957,0.8067453848874179
SV_NewYork_40.7359_-74.0034.tif,56.935855865478516,57.43876266479492,56.935855865478516,0.6125548392887353
SV_NewYork_40.7401_-73.9952.tif,54.44919967651367,55.58281326293945,54.44919967651367,0.7429098012810282
SV_NewYork_40.7388_-74.0089.tif,59.00611114501953,59.507503509521484,59.00611114501953,0.6771745856165821
SV_NewYork_40.7345_-73.9990.tif,56.01468276977539,56.562782287597656,56.01468276977539,0.8052246972892023
SV_NewYork_40.7402_-74.0089.tif,60.19858932495117,60.65900802612305,60.19858932495117,0.6876275954825255
SV_NewYork_40.7388_-74.0034.tif,56.08567428588867,56.63638687133789,56.08567428588867,0.7310828517054614
SV_NewYork_40.7371_-73.9783.tif,54.37464904785156,56.107662200927734,54.3740234375,0.7760634784097759
SV_NewYork_40.7333_-73.9872.tif,57.26359939575195,57.94312286376953,57.263553619384766,0.6159293953098907
SV_NewYork_40.7400_-73.9901.tif,50.92977523803711,52.716224670410156,50.92469024658203,0.7321318752772501
SV_NewYork_40.7343_-73.9783.tif,55.904136657714844,56.86186218261719,55.904136657714844,0.39484248298272806
SV_NewYork_40.7346_-74.0053.tif,56.41270065307617,56.96251678466797,56.41270065307617,0.5386159957358526
SV_NewYork_40.7400_-73.9834.tif,53.36071014404297,54.30244064331055,53.36071014404297,0.7977470325931824
SV_NewYork_40.7374_-74.0071.tif,57.08480453491211,57.544490814208984,57.08480453491211,0.31475039380212905
SV_NewYork_40.7402_-74.0052.tif,56.066402435302734,56.734859466552734,56.066402435302734,0.6796699504050209
SV_NewYork_40.7400_-73.9797.tif,61.06601333618164,62.81305694580078,61.06267166137695,0.7818236534889865
SV_NewYork_40.7387_-73.9971.tif,55.04771041870117,56.21558380126953,55.04771041870117,0.7266440244533037
SV_NewYork_40.7402_-74.0034.tif,56.84716796875,57.656700134277344,56.84471130371094,0.5647061864035761
SV_NewYork_40.7358_-73.9902.tif,52.87858581542969,55.60853576660156,52.87624740600586,0.7561989396238045
SV_NewYork_40.7387_-73.9934.tif,52.95293045043945,54.488426208496094,52.95273971557617,0.7111100280689389
SV_NewYork_40.7400_-73.9815.tif,60.609432220458984,62.206207275390625,60.609432220458984,0.7759101862816391
SV_NewYork_40.7343_-73.9798.tif,55.00527572631836,55.847007751464844,55.00527572631836,0.4280092702522508
SV_NewYork_40.7372_-73.9834.tif,57.18075942993164,58.055694580078125,57.18075942993164,0.662996556889333
SV_NewYork_40.7358_-73.9816.tif,55.535736083984375,56.11231231689453,55.535736083984375,0.8443393550344728
SV_NewYork_40.7334_-73.9972.tif,54.894248962402344,56.08084487915039,54.894248962402344,0.7988192964438924
SV_NewYork_40.7344_-73.9853.tif,57.78319549560547,58.50432205200195,57.78319549560547,0.7318399216392417
SV_NewYork_40.7359_-73.9971.tif,53.93204116821289,54.78709411621094,53.93204116821289,0.7992533973329481
SV_NewYork_40.7402_-74.0071.tif,57.1921501159668,57.83016586303711,57.1921501159668,0.6626162889399042
SV_NewYork_40.7344_-73.9835.tif,56.04549789428711,57.1074333190918,56.04484939575195,0.7350076594491017
SV_NewYork_40.7385_-73.9797.tif,54.42060089111328,56.008338928222656,54.42060089111328,0.8027941837083356
SV_NewYork_40.7400_-73.9871.tif,50.9173469543457,52.51204299926758,50.89923095703125,0.7097287905259508
SV_NewYork_40.7360_-74.0053.tif,57.159969329833984,57.569190979003906,57.159969329833984,0.27943721590414855
SV_NewYork_40.7333_-73.9902.tif,54.12242126464844,55.50070571899414,54.12242126464844,0.5993419902367639
SV_NewYork_40.7335_-74.0072.tif,57.043331146240234,57.44828796386719,57.043331146240234,0.37771166899991654
SV_NewYork_40.7358_-73.9871.tif,54.096832275390625,55.3156852722168,54.09434127807617,0.7694230835895783
SV_NewYork_40.7333_-73.9853.tif,58.30197525024414,58.93546676635742,58.30197525024414,0.6986459927861749
SV_NewYork_40.7373_-73.9989.tif,54.98915481567383,56.045166015625,54.98915481567383,0.7023235360286034
SV_NewYork_40.7372_-73.9871.tif,53.72052764892578,54.83363723754883,53.72052764892578,0.7811594700462572
SV_NewYork_40.7334_-73.9953.tif,54.475059509277344,55.39201736450195,54.475059509277344,0.6901830717020057
SV_NewYork_40.7344_-73.9902.tif,51.887638092041016,54.42719650268555,51.864688873291016,0.7912052157308103
SV_NewYork_40.7335_-74.0035.tif,56.51632308959961,57.0533447265625,56.51632308959961,0.565377867353665
SV_NewYork_40.7372_-73.9916.tif,49.08384704589844,51.039493560791016,49.075843811035156,0.7408958963522239
SV_NewYork_40.7401_-73.9989.tif,56.05868148803711,56.68480682373047,56.05868148803711,0.5426759245039994
SV_NewYork_40.7374_-74.0089.tif,57.77119827270508,58.45160675048828,57.77119827270508,0.5177588145280411
SV_NewYork_40.7385_-73.9783.tif,53.865631103515625,55.4697265625,53.865631103515625,0.8392260295910828
SV_NewYork_40.7358_-73.9834.tif,55.675533294677734,56.48041915893555,55.675533294677734,0.813605633247057
SV_NewYork_40.7373_-73.9934.tif,51.212135314941406,52.625431060791016,51.21150207519531,0.7369322543743133
SV_NewYork_40.7346_-74.0108.tif,57.298091888427734,58.24213790893555,57.298091888427734,0.807177339124228
SV_NewYork_40.7373_-73.9971.tif,55.17250061035156,56.14790344238281,55.17250061035156,0.7353153648235136
SV_NewYork_40.7359_-73.9934.tif,55.892372131347656,57.182472229003906,55.892372131347656,0.6390329090541823
SV_NewYork_40.7388_-74.0052.tif,56.386756896972656,57.04292297363281,56.386756896972656,0.6294816749581106
SV_NewYork_40.7333_-73.9835.tif,56.73563003540039,57.71454620361328,56.73563003540039,0.652759468000866
SV_NewYork_40.7346_-74.0071.tif,57.03432846069336,57.47819900512695,57.03432846069336,0.5193727226860433
SV_NewYork_40.7359_-73.9953.tif,53.429908752441406,54.95448303222656,53.429908752441406,0.729336204340895
SV_NewYork_40.7359_-73.9990.tif,56.51332473754883,57.03055191040039,56.51332473754883,0.5618956708993678
SV_NewYork_40.7373_-73.9953.tif,53.44063186645508,54.9246940612793,53.44060134887695,0.7445845849842259
SV_NewYork_40.7357_-73.9783.tif,53.45585632324219,54.542015075683594,53.45585632324219,0.40159464577889054
SV_NewYork_40.7357_-73.9797.tif,55.035179138183594,56.01956558227539,55.035179138183594,0.36827465651881086
SV_NewYork_40.7358_-73.9853.tif,54.66850662231445,55.68087387084961,54.66523742675781,0.8089455388980165
SV_NewYork_40.7386_-73.9815.tif,57.620574951171875,58.80567932128906,57.620574951171875,0.8133780174649178
SV_NewYork_40.7373_-74.0020.tif,56.62873077392578,57.3523063659668,56.62873077392578,0.7208235449151797
SV_NewYork_40.7387_-74.0020.tif,56.543434143066406,57.245155334472656,56.543434143066406,0.8050702236654497
SV_NewYork_40.7358_-73.9916.tif,53.17793273925781,55.086875915527344,53.17793273925781,0.7789545769942736
SV_NewYork_40.7386_-73.9834.tif,58.669212341308594,59.95829772949219,58.668418884277344,0.6794728559031232
SV_NewYork_40.7344_-73.9871.tif,56.71720886230469,57.44343566894531,56.71720886230469,0.6250503515752428
SV_NewYork_40.7345_-74.0020.tif,57.191829681396484,57.8463249206543,57.191829681396484,0.602621641252889
SV_NewYork_40.7388_-74.0071.tif,56.63868713378906,57.3378791809082,56.63868713378906,0.6291637460010865
SV_NewYork_40.7402_-74.0107.tif,63.28974914550781,63.9022216796875,63.28974914550781,0.7234780843629092
SV_NewYork_40.7401_-73.9971.tif,55.032562255859375,55.90933609008789,55.032562255859375,0.6754627605998345
SV_NewYork_40.7387_-73.9989.tif,53.61640548706055,54.6226806640625,53.61640548706055,0.7443934077039724
SV_NewYork_40.7346_-74.0090.tif,56.32499313354492,56.936092376708984,56.32499313354492,0.8213224519706096
SV_NewYork_40.7401_-74.0019.tif,54.89759063720703,55.63016891479492,54.87873077392578,0.7709678887961523
SV_NewYork_40.7386_-73.9871.tif,52.43412399291992,53.72216033935547,52.38951873779297,0.6380386096671742
SV_NewYork_40.7386_-73.9901.tif,50.30771255493164,52.30742645263672,50.30771255493164,0.802419478357614
SV_NewYork_40.7333_-73.9816.tif,57.61911392211914,58.6818962097168,57.61911392211914,0.5022704947923322
SV_NewYork_40.7332_-73.9784.tif,55.343223571777344,56.29362106323242,55.343223571777344,0.30759875538741416
SV_NewYork_40.7334_-73.9916.tif,54.65241241455078,56.19068908691406,54.65241241455078,0.6653857779968091
SV_NewYork_40.7372_-73.9853.tif,55.31203079223633,56.5657958984375,55.30830764770508,0.7595231661897796
SV_NewYork_40.7343_-73.9816.tif,54.649139404296875,55.86128616333008,54.649139404296875,0.6337483212831663
SV_NewYork_40.7387_-73.9952.tif,52.45029067993164,53.956851959228516,52.45029067993164,0.8009803367381251
SV_NewYork_40.7372_-73.9816.tif,56.23678207397461,56.959007263183594,56.23678207397461,0.7821513928967033
SV_NewYork_40.7399_-73.9783.tif,57.76766586303711,59.198970794677734,57.76766586303711,0.8286840986531496
SV_NewYork_40.7345_-73.9934.tif,55.33599090576172,56.45269775390625,55.33599090576172,0.6574218543677206
SV_NewYork_40.7371_-73.9797.tif,52.15067672729492,54.071048736572266,52.15067672729492,0.7289213296324253
SV_NewYork_40.7334_-73.9935.tif,55.271766662597656,56.31025695800781,55.271766662597656,0.7038684017757373
SV_NewYork_40.7401_-73.9915.tif,52.467647552490234,54.12249755859375,52.46534729003906,0.5832833383705793
SV_NewYork_40.7401_-73.9934.tif,52.28933334350586,53.668479919433594,52.28933334350586,0.6128909085226292
SV_NewYork_40.7360_-74.0108.tif,55.460880279541016,56.32506561279297,55.460880279541016,0.7079214843331552
SV_NewYork_40.7345_-73.9953.tif,54.383304595947266,55.622154235839844,54.383304595947266,0.6524163946062038
SV_NewYork_40.7360_-74.0090.tif,56.48358917236328,57.095916748046875,56.48358917236328,0.5946768702922612
SV_NewYork_40.7335_-74.0090.tif,57.93546676635742,58.54981231689453,57.93546676635742,0.854348578507348
