id,p99,pred_scale_depth,pred_scale_footprint,pred_scale_combined,pred_scale_oracle
SV_NewYork_40.7374_-74.0071.tif,50.76835,9.634236248516913,18.729248471846173,13.665612780439702,19.246128470759928
SV_NewYork_40.7400_-73.9852.tif,90.50381,5.0,18.455125456996058,5.0,5.0
SV_NewYork_40.7335_-74.0090.tif,58.571423,23.545873229242822,21.313881985882006,21.41290037160158,29.070256048326236
SV_NewYork_40.7359_-73.9971.tif,81.800476,9.555559042373467,18.423837769110385,7.667357380914211,19.433192252967388
SV_NewYork_40.7388_-74.0071.tif,54.445007,11.979512130501156,19.43945410574156,9.133097929817609,26.555477284771683
SV_NewYork_40.7359_-74.0020.tif,57.47541,13.582443194842547,18.373283296702397,9.18015430398978,23.42523803014207
SV_NewYork_40.7386_-73.9901.tif,92.12641,5.0,13.87951468891252,5.0,10.119824498594255
SV_NewYork_40.7388_-74.0108.tif,59.833717,17.07677615726407,20.397903628407416,13.202329441410853,27.252219835319735
SV_NewYork_40.7334_-73.9972.tif,80.103645,6.808636021874314,22.085117516057334,10.747114457982406,24.451326049194662
SV_NewYork_40.7401_-73.9934.tif,84.43356,5.0,24.506537688811473,8.782024847160528,12.13893329256581
SV_NewYork_40.7402_-74.0071.tif,52.406147,12.85125755563962,21.973300807921472,10.875513948455534,22.77162093359614
SV_NewYork_40.7400_-73.9901.tif,93.7841,5.0,18.63502593620644,5.0,5.0
SV_NewYork_40.7388_-74.0052.tif,54.534824,16.95222073691371,22.584539834423765,18.937378719202712,24.091416343320248
SV_NewYork_40.7360_-74.0071.tif,29.878496,5.179866589944382,16.10330739914178,7.665836321813771,6.152103903448577
SV_NewYork_40.7359_-73.9934.tif,82.70387,8.246042686024978,22.24514061332788,14.3358391976152,24.817234949791583
SV_NewYork_40.7374_-74.0108.tif,59.82813,18.500330173420952,20.91754703912518,17.659273390767495,22.569675709487598
SV_NewYork_40.7374_-74.0089.tif,48.527527,15.24791815073159,20.8308987845768,11.04354492244559,27.438496809347058
SV_NewYork_40.7335_-74.0035.tif,49.865536,5.0,24.89081933696688,10.024342074888636,13.062953606087675
SV_NewYork_40.7360_-74.0108.tif,61.526756,14.918762264345165,18.87763676983496,12.129113741719095,19.932785203241068
SV_NewYork_40.7373_-73.9934.tif,79.880646,5.0,30.75628162852881,21.769445563828967,32.5398187680604
SV_NewYork_40.7401_-74.0019.tif,65.61335,9.262152388398974,19.696263454264425,10.393821027940149,22.41520020635356
SV_NewYork_40.7401_-73.9989.tif,58.189804,5.0,18.319544013127125,5.0,17.756662011582264
SV_NewYork_40.7374_-74.0052.tif,27.291584,5.0,17.913873075876978,5.0,6.696666818172602
SV_NewYork_40.7343_-73.9798.tif,51.91343,9.856967314972316,25.487369377318586,14.85072001587497,8.831371800940943
SV_NewYork_40.7345_-73.9971.tif,68.350815,10.764276396356482,21.981868742901835,17.688787101173872,23.08857986766762
SV_NewYork_40.7359_-73.9953.tif,82.833755,5.0,20.03455973677248,5.0,10.246275229813975
SV_NewYork_40.7335_-74.0053.tif,46.26897,8.954240614420492,19.687400623621016,6.1495455516238025,11.350972467241505
SV_NewYork_40.7387_-73.9915.tif,85.425606,5.0,24.246155941452596,8.238610792026805,18.708643001242308
SV_NewYork_40.7387_-73.9934.tif,85.41948,5.0,17.685154235658903,5.0,18.00832915304369
SV_NewYork_40.7343_-73.9816.tif,71.217155,10.327421982147555,23.674816268853412,12.809594655269294,11.578441469625815
SV_NewYork_40.7334_-73.9953.tif,73.34578,11.13451688878131,22.729328366966225,17.45997306760475,23.907121565244026
SV_NewYork_40.7372_-73.9816.tif,66.09156,5.0,24.53743282741197,5.0,12.575297293902892
SV_NewYork_40.7345_-74.0020.tif,52.501797,8.278380843037489,23.813332155052343,9.343195849946866,19.874765007830376
SV_NewYork_40.7359_-74.0034.tif,52.234806,7.265997318848925,18.32334161920567,5.0,21.59216195178732
SV_NewYork_40.7401_-73.9915.tif,85.06451,7.05855873688494,10.675758854565707,5.582508328637914,14.772121938440122
SV_NewYork_40.7400_-73.9834.tif,73.819534,5.0,18.789758268839524,5.813125018546643,12.825517272415624
SV_NewYork_40.7334_-73.9990.tif,84.02657,17.768579953315086,22.153347536690283,19.911008068701136,21.868805943649164
SV_NewYork_40.7402_-74.0052.tif,54.171215,9.21796202551262,24.125748754538737,11.16690125019062,19.654216309521956
SV_NewYork_40.7334_-73.9916.tif,75.988525,16.734159162671382,28.110465798780677,27.157413034546586,23.324832756886025
SV_NewYork_40.7400_-73.9871.tif,92.14921,5.0,31.14322309387188,22.57184005733602,12.24169202893357
SV_NewYork_40.7399_-73.9783.tif,83.45197,10.365455274046333,22.687681610984008,12.769761204080169,22.00307194984225
SV_NewYork_40.7385_-73.9783.tif,83.38444,11.359166109231555,17.969193924730554,6.13533297980922,22.684514145093146
SV_NewYork_40.7373_-73.9971.tif,69.25314,8.97249857753227,23.07515734276383,12.62255734264059,18.060169652950748
SV_NewYork_40.7371_-73.9797.tif,81.85281,17.828913695963216,24.59559269205928,17.986750957217268,18.226803055127533
SV_NewYork_40.7387_-74.0020.tif,63.345245,12.424955290430638,25.21944172707142,17.30024945284694,26.152455966531022
SV_NewYork_40.7401_-73.9952.tif,84.44918,5.0,25.618508154961642,6.125015880352294,10.783490177365053
SV_NewYork_40.7346_-74.0071.tif,46.92631,11.785246853985072,18.33961605305027,7.4331060460466745,16.48949932132183
SV_NewYork_40.7386_-73.9815.tif,78.77334,9.338981655979616,21.509090802983906,7.209362207245022,18.572402666376732
SV_NewYork_40.7386_-73.9834.tif,75.40574,10.191633618244389,28.215062194329924,18.77523080478386,15.482875404588384
SV_NewYork_40.7346_-74.0090.tif,59.35435,16.049875921105574,17.626464924793567,11.536853865092056,21.00255925537506
SV_NewYork_40.7333_-73.9902.tif,75.99298,5.0,21.389224589726602,5.0,11.048473600140952
SV_NewYork_40.7343_-73.9783.tif,48.883396,15.690655371048393,26.04164475922358,20.546453151020614,15.325313405127716
SV_NewYork_40.7358_-73.9916.tif,97.04628,10.750153136607356,18.430762111200973,11.792904241067646,19.64581437616566
SV_NewYork_40.7345_-73.9990.tif,64.62306,5.0,17.847215944400453,5.0,10.68132967613522
SV_NewYork_40.7333_-73.9835.tif,53.09059,12.524014642045763,24.143858074852286,15.628759522448973,18.760749836854686
SV_NewYork_40.7346_-74.0053.tif,48.66767,12.069044301122016,20.49024265904253,8.692814975132805,12.771044430816957
SV_NewYork_40.7360_-74.0053.tif,24.092125,5.0,19.514422471003204,5.0,5.0
SV_NewYork_40.7400_-73.9797.tif,89.39852,7.276701327095694,28.885974073664094,16.735115295444473,15.354625891181612
SV_NewYork_40.7346_-74.0108.tif,61.51254,16.52233225856267,20.559065316267993,14.70612294194558,16.483244340514318
SV_NewYork_40.7402_-74.0107.tif,50.670994,13.54114582627577,22.3629882575277,9.21076928127637,23.599695735688726
SV_NewYork_40.7344_-73.9916.tif,90.32358,8.920517358861126,18.283469641537064,9.212065376244553,22.745223810499724
SV_NewYork_40.7344_-73.9871.tif,59.366,13.66671862336483,22.236167097590652,18.16885016321737,20.231007080906195
SV_NewYork_40.7359_-73.9990.tif,48.55015,5.0,22.135784084938106,5.0,7.285381977213632
SV_NewYork_40.7358_-73.9853.tif,87.40243,10.461459645425187,19.97440534686704,11.06536735234144,19.477835453188106
SV_NewYork_40.7388_-74.0034.tif,63.228924,17.430675254154863,23.970025146373644,20.15747431435372,29.895849051722642
SV_NewYork_40.7333_-73.9816.tif,56.16233,14.684020115627995,31.59067576471753,26.8913599644519,14.546819682108605
SV_NewYork_40.7335_-74.0072.tif,27.918941,9.526357765860155,20.032843355787058,7.044148043791651,10.216047638759136
SV_NewYork_40.7372_-73.9916.tif,91.90051,7.812467203043688,19.550127946714806,5.567416439803239,13.215940483013611
SV_NewYork_40.7344_-73.9853.tif,67.01555,16.548212352546077,21.057015219755495,18.58218763688923,22.745134004211636
SV_NewYork_40.7335_-74.0108.tif,58.597576,21.024562041339152,26.069403213326765,25.3703866406682,26.992931311386286
SV_NewYork_40.7387_-73.9971.tif,83.05143,5.0,27.46238721303507,16.450063682532075,16.678752054270717
SV_NewYork_40.7345_-74.0034.tif,55.79858,11.675229545137928,19.136904266835998,8.70461502456547,19.958796102492656
SV_NewYork_40.7372_-73.9901.tif,91.989044,8.150060409837536,25.367583693746333,16.04860688197944,14.670139269705615
SV_NewYork_40.7400_-73.9815.tif,89.35062,12.555183932717352,24.233034698599685,14.689132182841178,18.57634564292701
SV_NewYork_40.7357_-73.9797.tif,49.053726,6.984564262403254,25.153284563623803,10.446021488647474,9.103673814497228
SV_NewYork_40.7371_-73.9783.tif,81.871155,20.617851011760273,22.282467610874964,16.123581753742116,20.257550415940955
SV_NewYork_40.7332_-73.9784.tif,45.037403,10.873428364557377,29.64004105340922,21.847770855030944,16.935250067360826
SV_NewYork_40.7402_-74.0034.tif,56.36359,12.553982858350214,16.812096035594074,7.06019355647895,31.027240188844125
SV_NewYork_40.7345_-73.9953.tif,73.94654,7.257172086102919,19.368159933782533,7.444718763185435,18.887855751108845
SV_NewYork_40.7333_-73.9872.tif,60.462822,13.116396079822461,22.94653993159292,14.89292153683057,23.749272522228054
SV_NewYork_40.7372_-73.9853.tif,87.37542,5.0,29.230116381971694,14.9272211142017,10.498357943051758
SV_NewYork_40.7358_-73.9871.tif,87.394165,6.189458764258681,24.191606095883223,13.910811761690354,15.897903785393453
SV_NewYork_40.7357_-73.9783.tif,49.064827,12.65594828987846,19.40161804079022,8.181423580880391,12.787789842557999
SV_NewYork_40.7334_-74.0020.tif,54.768715,5.0,22.891159411687575,6.439916704717859,9.280915581024999
SV_NewYork_40.7333_-73.9853.tif,55.7865,9.409199471886524,28.701063605143474,22.824860984025605,17.532846965208435
SV_NewYork_40.7373_-73.9953.tif,81.60519,5.0,24.602905850097383,12.506625065532475,24.94920234527453
SV_NewYork_40.7385_-73.9797.tif,81.71269,10.205707016682567,28.601920729518472,20.21287842953697,19.737031168336046
SV_NewYork_40.7345_-73.9934.tif,80.89263,11.83334254963767,22.345024882266227,17.64413714024363,22.61743708532707
SV_NewYork_40.7386_-73.9852.tif,77.19309,5.0,16.896938180869547,5.0,7.12264601428754
SV_NewYork_40.7360_-74.0090.tif,59.27499,8.094808547709995,19.701152692803067,7.241712128465849,18.185162536353047
SV_NewYork_40.7372_-73.9871.tif,87.38491,8.71113438145624,13.340674441445648,15.219474315852622,11.022613252023163
SV_NewYork_40.7387_-73.9952.tif,86.52335,5.0,22.772914633655233,11.009090040044924,13.040499344085518
SV_NewYork_40.7358_-73.9834.tif,70.83902,5.6626163359655735,19.945622878636456,5.0,17.101239047366022
SV_NewYork_40.7334_-73.9935.tif,68.919106,17.287688971262163,24.318401721738056,23.707893975372684,26.77768721950413
SV_NewYork_40.7344_-73.9902.tif,101.55153,8.31359737240529,18.06070634109641,6.520438867851411,16.25343961072113
SV_NewYork_40.7387_-73.9989.tif,64.526566,7.283803438260584,18.08558636143319,7.307858855255432,17.60955956750368
SV_NewYork_40.7373_-73.9989.tif,67.45918,8.737722559406798,22.15521984166643,11.699351949844768,13.549288004831823
SV_NewYork_40.7358_-73.9902.tif,106.18608,14.829981566361127,24.039799613177202,20.158355175852222,18.991473968349183
SV_NewYork_40.7386_-73.9871.tif,64.88148,5.0,19.67142343733559,6.349827740403299,5.0
SV_NewYork_40.7388_-74.0089.tif,49.843704,18.04787722649272,24.406305163476112,19.614692096013485,33.24848655349647
SV_NewYork_40.7344_-73.9835.tif,68.148674,14.78007581741619,21.47637335245092,12.961589799073579,23.74221886172097
SV_NewYork_40.7373_-74.0034.tif,63.238136,6.772513666369342,21.23567903961007,5.870948184178019,19.342915928085645
SV_NewYork_40.7402_-74.0089.tif,50.497673,18.247651393791628,22.861261537386138,14.928320206733275,29.79525659897351
SV_NewYork_40.7333_-73.9798.tif,45.03189,12.062374073574155,25.104188646237287,16.302104805985124,10.38536599811458
SV_NewYork_40.7401_-73.9971.tif,65.81651,5.0,24.771733603095587,10.806076735771313,18.298184197488908
SV_NewYork_40.7358_-73.9816.tif,67.676994,11.346660366625194,22.769311335952047,9.004953783817157,18.34545482291395
SV_NewYork_40.7372_-73.9834.tif,58.08564,5.0,22.041200648083624,5.0,5.0
SV_NewYork_40.7373_-74.0020.tif,63.284214,7.8205603391920135,20.855185103053543,6.146661924476291,20.51418422055849
