checkpoint,exists,size_mb,file_hash,loads,error,model_keys,config,seed,epoch,weights_hash
A_seed_0,True,1.8642683029174805,c0c16574294861fa127a9df524a84086baf7b373188ba6d52a070d73a6aab232,True,,0,A,0,,
A_seed_1,True,1.8642683029174805,003d95509255b103b055696cfeb24a222166fb4c240f9300b15bdabbaa773786,True,,0,A,1,,
B_seed_0,True,1.8642683029174805,9a354178b5200d81ce3aeaf3d73836673a92cad22a24e3502660b155beb8bc17,True,,0,B,0,,
B_seed_1,True,1.8642683029174805,f32817097b653fb4c20394e2eb0b8f0595ec354de9b591377a695f05e437cefd,True,,0,B,1,,
C_seed_0,True,1.8642683029174805,060dfba94c9f1cdcdaa8b6ea641268a11f745c584b0c500ad944c840f97be655,True,,0,C,0,,
C_seed_1,True,1.8642683029174805,371baade8d6bd445b5a4f8ca45ebd10542915116d27e95b5a8e79167a9dfda31,True,,0,C,1,,
D_seed_0,True,1.8643293380737305,11fb097ae7787a687094708267b6806d9b9f0a26475f93d30496cf87597ab2cf,True,,0,D,0,,
D_seed_1,True,1.8643293380737305,bee475c2369aeb7c18af90c62d5e21d7609a35a576ef5340b5df43c0867c4fb7,True,,0,D,1,,
E_seed_0,True,1.8643293380737305,f5ad74959011350c79a4e74710a499b67ca56996c5c454a45720187f1ed74a68,True,,0,E,0,,
E_seed_1,True,1.8643293380737305,7385b62d7f2a14a837e4433328bab66b1d5ce11759ce082f627d9a272d2d5b7b,True,,0,E,1,,
