tile,building_pixels_pct,buildings,area_mean,area_median,area_p95,width_mean,height_mean,aspect_mean,compactness_mean,perimeter_mean,split
SV_Copenhagen_55.6747_12.5414.tif,36.444854736328125,58,1647.0,951.5,5186.099999999997,42.55172413793103,49.91379310344828,0.9757432806256299,0.6063406621853239,188.11301599288808,copenhagen
SV_Copenhagen_55.6828_12.5583.tif,15.447616577148438,7,5785.0,3848.0,10925.899999999998,113.57142857142857,137.0,0.9156430440593251,0.3095710589558399,523.9384102651051,copenhagen
SV_Copenhagen_55.6748_12.5454.tif,41.31736755371094,40,2707.775,1162.0,11365.599999999993,65.575,59.275,1.1104018620596636,0.5132036984964674,275.81925543248656,copenhagen
SV_Copenhagen_55.6724_12.5589.tif,56.38160705566406,31,4766.774193548387,2517.0,13237.0,75.29032258064517,80.41935483870968,1.0456864814067062,0.5624686203621948,318.7230322514811,copenhagen
SV_Copenhagen_55.6762_12.5631.tif,45.435333251953125,16,7444.125,2997.5,27434.5,97.25,97.375,1.0914518609517974,0.5306042320339819,445.59642042964697,copenhagen
SV_Copenhagen_55.6801_12.5629.tif,25.207138061523438,10,6607.9,7612.5,14534.499999999989,92.1,124.7,0.9132156797296116,0.3854977978774251,445.6588203072548,copenhagen
SV_Copenhagen_55.6799_12.5366.tif,45.433807373046875,37,3218.5675675675675,1069.0,15404.399999999969,56.16216216216216,64.0,0.9394899084508157,0.5464351165094419,276.77691435169527,copenhagen
SV_Copenhagen_55.6984_12.5817.tif,50.383758544921875,19,6951.473684210527,4679.0,17464.19999999996,99.0,112.0,1.1097157558420017,0.40706547769897533,459.3558414923517,copenhagen
SV_Copenhagen_55.6739_12.5632.tif,53.10707092285156,12,11601.416666666666,2641.5,51305.04999999994,97.66666666666667,112.75,0.838504930298131,0.453088079263191,437.31306741635007,copenhagen
SV_Copenhagen_55.6999_12.5877.tif,38.800811767578125,12,8476.166666666666,7599.5,19019.85,115.58333333333333,132.91666666666666,1.0164982788588823,0.38864907023012835,603.1409000356992,copenhagen
SV_Copenhagen_55.6939_12.5502.tif,34.5947265625,14,6477.714285714285,3166.5,19800.699999999997,98.35714285714286,112.64285714285714,0.9917373656941785,0.46936321033938455,484.3447231735502,copenhagen
SV_Copenhagen_55.6770_12.5512.tif,38.00468444824219,29,3435.2758620689656,1938.0,9436.8,62.793103448275865,78.20689655172414,0.9267294982589307,0.6012057477303923,258.23509564481935,copenhagen
SV_Copenhagen_55.6699_12.5541.tif,47.994232177734375,20,6288.65,613.0,23654.90000000001,80.05,91.15,1.2622661935182276,0.5044755439966975,383.41094569563865,copenhagen
SV_Copenhagen_55.6798_12.5510.tif,46.19140625,23,5264.391304347826,1491.0,14254.099999999999,79.69565217391305,89.21739130434783,1.2349110249440944,0.4620414012070216,384.77689714017123,copenhagen
SV_Copenhagen_55.6800_12.5585.tif,40.753173828125,7,15260.142857142857,1604.0,46027.799999999996,90.14285714285714,158.14285714285714,0.6211676200630928,0.6071319937972175,626.0838567529406,copenhagen
SV_Copenhagen_55.6950_12.5501.tif,44.19059753417969,14,8274.07142857143,3297.0,30853.55,104.85714285714286,132.57142857142858,1.473665892838397,0.41816804400779245,611.2361055271966,copenhagen
SV_Copenhagen_55.6800_12.5610.tif,43.20716857910156,11,10296.181818181818,7934.0,32787.5,95.72727272727273,124.36363636363636,0.876453401685622,0.5358152983465466,404.46841555291957,copenhagen
SV_Copenhagen_55.6947_12.5881.tif,23.151779174804688,14,4335.071428571428,1764.0,14369.049999999997,90.07142857142857,97.5,1.0407911041937337,0.41685252383973076,382.9170851111412,copenhagen
SV_Copenhagen_55.6815_12.5628.tif,17.041015625,10,4467.2,1360.0,17318.84999999998,68.7,84.9,0.9637094350664837,0.4955987969452685,346.3336336016655,copenhagen
SV_Copenhagen_55.6800_12.5451.tif,45.92132568359375,35,3439.057142857143,1105.0,12969.499999999993,61.4,70.37142857142857,1.0890556634815676,0.5099235531387754,314.79529576301576,copenhagen
SV_Copenhagen_55.7013_12.5865.tif,47.076416015625,21,5876.571428571428,3290.0,14838.0,90.71428571428571,101.57142857142857,0.8474215774245912,0.48440214987159597,367.02270083768025,copenhagen
SV_Copenhagen_55.6797_12.5292.tif,46.154022216796875,23,5260.0,1182.0,30652.299999999977,75.43478260869566,63.69565217391305,1.2243448941024164,0.5652321496554231,361.0518837441569,copenhagen
SV_Copenhagen_55.6909_12.5822.tif,36.04164123535156,26,3633.8846153846152,1815.5,9177.5,89.96153846153847,70.46153846153847,1.2423396072219837,0.45269902608507895,313.45024183621774,copenhagen
SV_Copenhagen_55.6762_12.5612.tif,38.74359130859375,14,7254.571428571428,1745.0,26755.649999999983,88.57142857142857,105.35714285714286,1.1159756439760715,0.4695666859188452,463.5629786678723,copenhagen
SV_Copenhagen_55.6769_12.5294.tif,21.103668212890625,14,3951.285714285714,1049.0,19390.449999999997,60.714285714285715,85.78571428571429,1.3481841942137684,0.5261797070583281,368.42547253199984,copenhagen
SV_Copenhagen_55.6758_12.5454.tif,46.063995361328125,39,3096.025641025641,988.0,16501.300000000003,59.666666666666664,67.61538461538461,0.8941045250164001,0.550481621071267,294.4428148330786,copenhagen
SV_Copenhagen_55.6799_12.5410.tif,35.40229797363281,36,2577.4444444444443,1427.5,9529.0,53.111111111111114,59.44444444444444,1.0188649784584198,0.5736211478247453,233.47988075349065,copenhagen
SV_Copenhagen_55.6784_12.5511.tif,37.348175048828125,30,3263.5333333333333,1722.0,10926.949999999988,64.66666666666667,76.0,0.9932717441707433,0.5148533235102677,290.4999525030454,copenhagen
SV_Copenhagen_55.6881_12.5848.tif,57.29179382324219,35,4290.6,3470.0,12697.999999999987,82.82857142857142,82.31428571428572,1.0294134653890634,0.46456598639075875,340.7702676364354,copenhagen
SV_Copenhagen_55.6923_12.5821.tif,7.843780517578125,9,2284.6666666666665,476.0,8226.8,63.22222222222222,68.55555555555556,1.1301466402961788,0.46729402764178907,246.4007032447391,copenhagen
SV_Copenhagen_55.6957_12.5880.tif,22.438812255859375,15,3921.4666666666667,1283.0,13697.799999999992,74.93333333333334,79.06666666666666,1.008326793125356,0.48307343223016425,287.48233037789663,copenhagen
SV_Copenhagen_55.6805_12.5853.tif,55.336761474609375,11,13187.454545454546,5083.0,44741.0,115.18181818181819,163.72727272727272,0.859066315045001,0.30569269785843983,718.3381236466495,copenhagen
SV_Copenhagen_55.6992_12.5523.tif,40.30647277832031,16,6603.8125,2917.0,21428.25,92.25,112.875,1.531402817125402,0.42749089344553987,449.12522649765015,copenhagen
SV_Copenhagen_55.6950_12.5526.tif,37.00370788574219,19,5105.1578947368425,3956.0,13123.199999999983,68.84210526315789,131.73684210526315,0.7201420167895305,0.3985985727011869,468.70695362593,copenhagen
SV_Copenhagen_55.6746_12.5370.tif,40.73371887207031,32,3336.15625,1202.5,13014.199999999999,56.25,83.40625,1.3218369963874648,0.5113162642406452,310.3493178114295,copenhagen
SV_Copenhagen_55.6833_12.5826.tif,62.53166198730469,14,11708.785714285714,5402.5,43607.299999999996,116.5,128.42857142857142,0.9576561490551514,0.3666156532335414,586.5051236748695,copenhagen
SV_Copenhagen_55.6770_12.5343.tif,37.12310791015625,35,2779.6285714285714,1033.0,11287.799999999988,58.82857142857143,62.82857142857143,0.9579619771478528,0.6301308264122939,266.5225961923599,copenhagen
SV_Copenhagen_55.6791_12.5829.tif,59.99946594238281,12,13107.083333333334,9835.5,36973.44999999999,113.91666666666667,155.25,0.9370242174930178,0.4071000044751774,603.7001230120659,copenhagen
SV_Copenhagen_55.6857_12.5875.tif,68.12477111816406,13,13737.307692307691,4241.0,54275.79999999991,116.46153846153847,133.07692307692307,1.0269240943200528,0.4471390308896014,630.8684604901534,copenhagen
SV_Copenhagen_55.6805_12.5828.tif,61.7767333984375,9,17993.777777777777,6416.0,42247.6,143.22222222222223,182.11111111111111,0.8580516123964003,0.3575138495045533,756.6064738035202,copenhagen
SV_Copenhagen_55.6868_12.5886.tif,62.44316101074219,19,8615.315789473685,3111.0,37047.09999999997,98.52631578947368,103.78947368421052,1.1036887688546206,0.501683148228854,513.5179161021584,copenhagen
SV_Copenhagen_55.6951_12.5575.tif,41.796875,35,3130.5142857142855,1860.0,9941.699999999997,49.371428571428574,71.77142857142857,0.7736115611757892,0.5562158160541633,248.4839568240302,copenhagen
SV_Copenhagen_55.6777_12.5855.tif,41.526031494140625,8,13606.375,3667.5,39265.59999999999,117.875,155.75,1.539966791509687,0.3975574648078727,542.2528287172318,copenhagen
SV_Copenhagen_55.6710_12.5566.tif,55.36842346191406,36,4031.027777777778,1134.5,16601.25,72.72222222222223,73.75,1.0408455126942953,0.4925848270387177,300.289906097783,copenhagen
SV_Copenhagen_55.6799_12.5560.tif,7.2536468505859375,8,2376.875,1808.0,6549.149999999998,33.375,92.75,0.5952896943686596,0.5152074903659829,245.28947450220585,copenhagen
SV_Copenhagen_55.6792_12.5879.tif,53.50990295410156,12,11688.916666666666,9614.5,29318.149999999994,128.66666666666666,153.16666666666666,1.0483844561617912,0.4673594180997325,594.6706852118174,copenhagen
SV_Copenhagen_55.6771_12.5537.tif,15.968704223632812,19,2203.0,1922.0,6162.599999999997,53.26315789473684,59.89473684210526,0.960120528704647,0.5969971818560753,217.5671481521506,copenhagen
SV_Copenhagen_55.6785_12.5536.tif,26.099014282226562,26,2631.423076923077,1945.5,7191.5,57.76923076923077,66.07692307692308,1.0071397255186108,0.5371120678633254,267.34257566470365,copenhagen
SV_Copenhagen_55.6772_12.5586.tif,43.70994567871094,12,9548.25,1121.0,29958.5,73.75,108.41666666666667,0.7827402067240786,0.5908430301527334,380.9784437318643,copenhagen
SV_Copenhagen_55.6895_12.5847.tif,56.88018798828125,40,3727.55,2646.5,11103.95,111.075,82.25,1.3098121955584159,0.4036636077858334,359.8689891844988,copenhagen
SV_Copenhagen_55.6980_12.5617.tif,32.395172119140625,12,7076.833333333333,6432.5,16772.0,103.25,123.5,0.8423311788796631,0.46428929197350816,431.6565611561139,copenhagen
SV_Copenhagen_55.6999_12.5841.tif,53.94248962402344,18,7855.944444444444,7008.0,19749.89999999999,106.05555555555556,122.44444444444444,1.1105470561937385,0.4492803128226486,479.80708742141724,copenhagen
SV_Copenhagen_55.6813_12.5366.tif,43.05877685546875,48,2351.25,1091.0,7448.1,44.833333333333336,53.4375,0.8942632091561328,0.607773941939642,210.54745410134396,copenhagen
SV_Copenhagen_55.6758_12.5461.tif,43.16253662109375,28,4040.6428571428573,1326.0,20528.44999999999,70.67857142857143,81.78571428571429,0.9284187392922688,0.5174548874954688,386.37116362367357,copenhagen
SV_Copenhagen_55.6834_12.5888.tif,65.02418518066406,14,12175.214285714286,2191.5,56836.64999999998,126.35714285714286,115.42857142857143,1.3759395531814143,0.3563489139821837,591.7735063263348,copenhagen
SV_Copenhagen_55.6738_12.5564.tif,64.60342407226562,18,9408.555555555555,2445.5,42525.849999999984,106.77777777777777,105.55555555555556,1.0453809173150972,0.4700449860886893,516.0065785911348,copenhagen
SV_Copenhagen_55.7007_12.5572.tif,37.837982177734375,15,6612.666666666667,3250.0,20546.299999999985,104.0,100.4,1.0620190987487155,0.49877533176437705,371.6272407134374,copenhagen
SV_Copenhagen_55.6951_12.5551.tif,38.478851318359375,26,3879.6153846153848,2338.5,11880.75,51.92307692307692,106.0,0.7860568664854687,0.4767747780001168,325.2145760701253,copenhagen
SV_Copenhagen_55.6767_12.5880.tif,24.878692626953125,10,6521.8,2088.5,21448.44999999999,103.9,109.2,1.131238889493936,0.43565024973097266,521.1871596455574,copenhagen
SV_Copenhagen_55.6829_12.5627.tif,30.3131103515625,19,4181.526315789473,666.0,20865.6,66.94736842105263,75.0,1.0336887904272622,0.5608084440749295,286.0835433633704,copenhagen
SV_Copenhagen_55.6923_12.5870.tif,16.764450073242188,14,3139.0714285714284,2387.0,8304.099999999997,64.78571428571429,89.64285714285714,0.8049611414601233,0.4626971527317597,285.40669707741057,copenhagen
SV_Copenhagen_55.6766_12.5831.tif,34.679412841796875,7,12986.857142857143,10491.0,31985.699999999986,193.71428571428572,130.28571428571428,1.7473269623142278,0.3300560392052146,694.6415235825947,copenhagen
SV_Copenhagen_55.6711_12.5634.tif,31.917953491210938,12,6972.583333333333,1293.0,30871.849999999988,72.83333333333333,88.08333333333333,0.777229784972807,0.49115212271854897,327.43488216400146,copenhagen
SV_Copenhagen_55.6867_12.5874.tif,63.388824462890625,20,8308.5,2968.0,34083.850000000006,97.45,108.9,1.150119458501226,0.4601420400790562,562.6715183377266,copenhagen
SV_Copenhagen_55.6964_12.5500.tif,42.61665344238281,14,7978.785714285715,7423.0,18147.649999999998,108.64285714285714,127.5,1.586793807058292,0.37075799451298774,595.1305003166199,copenhagen
SV_Copenhagen_55.6979_12.5549.tif,43.43681335449219,17,6697.35294117647,5829.0,16403.799999999996,95.3529411764706,112.05882352941177,1.0040319963832722,0.4348061036716956,465.4825029934154,copenhagen
SV_Copenhagen_55.6760_12.5513.tif,46.318817138671875,20,6070.35,1608.5,21436.15000000001,87.35,109.25,1.008670100867245,0.525786434117281,405.52616991996763,copenhagen
SV_Copenhagen_55.6867_12.5824.tif,53.82118225097656,17,8299.235294117647,5605.0,24315.999999999993,115.29411764705883,127.52941176470588,0.9041624311135656,0.364404642617306,577.9774761971305,copenhagen
SV_Copenhagen_55.6857_12.5886.tif,61.19651794433594,12,13368.083333333334,8116.5,38793.399999999994,135.83333333333334,144.0,1.0138390915456104,0.3981882934537884,744.1072518130144,copenhagen
SV_Copenhagen_55.6806_12.5889.tif,55.272674560546875,10,14489.4,9770.0,32235.75,167.2,139.4,1.3594984151761778,0.40451163312723504,699.5972106933593,copenhagen
SV_Copenhagen_55.6856_12.5825.tif,54.58412170410156,19,7530.210526315789,3831.0,22659.399999999994,108.94736842105263,150.57894736842104,0.8873880430429275,0.2990038882875614,575.8082281162864,copenhagen
SV_Copenhagen_55.6910_12.5883.tif,20.029830932617188,9,5834.111111111111,2394.0,21636.59999999999,106.22222222222223,130.77777777777777,1.2023107230745875,0.29242754301947854,472.9526584280862,copenhagen
SV_Copenhagen_55.6786_12.5586.tif,41.17584228515625,5,21587.2,25994.0,31190.2,143.4,216.6,0.6534462291784792,0.47976125038142126,720.996375656128,copenhagen
SV_Copenhagen_55.6985_12.5878.tif,34.059906005859375,20,4464.3,1712.0,17020.9,74.2,96.05,1.1879764970189368,0.48742264369139504,333.2340786278248,copenhagen
SV_Copenhagen_55.7014_12.5877.tif,43.43528747558594,18,6325.722222222223,2468.5,17308.899999999994,91.61111111111111,92.11111111111111,0.9091468035395547,0.537421006878674,382.64565667178897,copenhagen
SV_Copenhagen_55.6786_12.5459.tif,47.73063659667969,49,2553.3673469387754,987.0,11738.399999999998,51.91836734693877,68.61224489795919,0.9897305649460695,0.5418604293594232,253.20841041633062,copenhagen
SV_Copenhagen_55.6785_12.5411.tif,36.84272766113281,43,2245.6046511627906,1111.0,10495.999999999996,47.41860465116279,60.55813953488372,1.0464023355329024,0.5732178893289146,226.8473072329233,copenhagen
SV_Copenhagen_55.6819_12.5852.tif,53.3905029296875,12,11663.333333333334,6068.5,39362.34999999996,140.91666666666666,116.08333333333333,1.2624738482153155,0.40394075486564635,613.8301665882269,copenhagen
SV_Copenhagen_55.6985_12.5842.tif,50.63743591308594,20,6637.15,3743.5,19258.70000000001,78.6,109.75,1.1572307972963394,0.4800331143543685,373.7736271798611,copenhagen
SV_Copenhagen_55.6895_12.5823.tif,59.641265869140625,31,5043.064516129032,3618.0,15672.5,101.74193548387096,95.64516129032258,1.1277774608642408,0.3966908522111319,404.80884358959815,copenhagen
SV_Copenhagen_55.6966_12.5599.tif,27.588272094726562,9,8035.666666666667,1127.0,35931.19999999998,64.11111111111111,93.88888888888889,0.5260687812678964,0.4379002781145637,371.18829335106744,copenhagen
SV_Copenhagen_55.6952_12.5600.tif,52.434539794921875,17,8085.529411764706,595.0,40890.799999999974,68.05882352941177,92.47058823529412,0.6863709969108697,0.46348668442159435,391.73308458047757,copenhagen
SV_Copenhagen_55.6766_12.5855.tif,19.41680908203125,9,5655.333333333333,3578.0,12941.4,116.0,84.55555555555556,1.5919538513979388,0.35728928541310284,426.7250171502431,copenhagen
SV_Copenhagen_55.6923_12.5846.tif,23.546600341796875,21,2939.3333333333335,1480.0,11094.0,66.66666666666667,85.28571428571429,0.8884632842391169,0.48470159348855624,277.0661143064499,copenhagen
SV_Copenhagen_55.6770_12.5319.tif,32.35321044921875,28,3028.5,901.5,11262.05,55.535714285714285,68.0,0.9648157290139381,0.6998458521538863,277.04997821365083,copenhagen
SV_Copenhagen_55.6999_12.5866.tif,41.54701232910156,18,6050.722222222223,2683.5,19238.64999999999,93.5,99.22222222222223,0.9781492522642764,0.5380955660281209,414.00307587120267,copenhagen
SV_Copenhagen_55.6993_12.5548.tif,34.50355529785156,18,5024.944444444444,3384.5,12961.799999999992,94.61111111111111,97.5,1.4887092781404918,0.4193610989539164,391.84960836834375,copenhagen
SV_Copenhagen_55.6964_12.5525.tif,42.74253845214844,21,5335.285714285715,3741.0,14500.0,67.38095238095238,112.38095238095238,1.0548542706419686,0.4950806106294521,378.7811638911565,copenhagen
SV_Copenhagen_55.6965_12.5574.tif,32.45086669921875,27,3150.6666666666665,1881.0,7895.499999999998,42.77777777777778,82.62962962962963,0.7434006321259929,0.5829141126994382,252.7001033756468,copenhagen
SV_Copenhagen_55.6723_12.5515.tif,42.79136657714844,19,5903.736842105263,5889.0,13201.19999999999,64.57894736842105,166.1578947368421,0.6328192189468121,0.4568201704577308,472.26067213635696,copenhagen
SV_Copenhagen_55.6978_12.5524.tif,41.558837890625,16,6808.6875,5772.0,18857.5,90.75,121.125,1.0132136465369679,0.40007392557151683,467.60325837880373,copenhagen
SV_Copenhagen_55.6833_12.5851.tif,67.46788024902344,12,14738.083333333334,2893.0,69024.34999999999,128.91666666666666,126.91666666666667,1.1714500497557931,0.41525855581291243,587.0889630417029,copenhagen
SV_Copenhagen_55.6711_12.5615.tif,54.6661376953125,21,6823.857142857143,2242.0,25615.0,80.71428571428571,86.95238095238095,1.003731639469024,0.5106356088648472,367.7539647306715,copenhagen
SV_Copenhagen_55.6725_12.5633.tif,51.88941955566406,12,11335.416666666666,3727.0,43391.84999999998,112.08333333333333,117.91666666666667,0.831649333961701,0.60451796586888,442.5271125336488,copenhagen
SV_Copenhagen_55.6896_12.5884.tif,40.34309387207031,20,5287.85,2220.0,21794.300000000007,101.65,90.45,1.6867298084615012,0.3393570146870326,395.5386591494083,copenhagen
SV_Copenhagen_55.6895_12.5872.tif,52.38037109375,24,5721.208333333333,4689.5,11337.149999999998,136.16666666666666,109.75,1.6277353512711408,0.2912203362932417,505.42182512084645,copenhagen
SV_Copenhagen_55.6940_12.5526.tif,40.662384033203125,22,4844.954545454545,3170.0,15342.399999999996,85.31818181818181,105.77272727272727,0.9362200048605637,0.40718109042203365,437.68878335844386,copenhagen
SV_Copenhagen_55.6819_12.5827.tif,58.88023376464844,8,19293.875,8493.0,69559.59999999996,139.625,185.125,1.5131689444427434,0.33504609076182656,858.2039905190468,copenhagen
SV_Copenhagen_55.6942_12.5620.tif,51.77001953125,7,19387.428571428572,3147.0,47920.899999999994,173.14285714285714,169.71428571428572,1.6418896914741008,0.35648998375089824,899.4350371701377,copenhagen
SV_Copenhagen_55.6813_12.5390.tif,24.750518798828125,25,2594.64,1049.0,11275.199999999986,49.16,61.84,1.015263649548487,0.5982608311562266,230.73353707313538,copenhagen
SV_Copenhagen_55.6941_12.5576.tif,52.382659912109375,25,5492.72,1606.0,8569.4,62.16,76.72,1.0215171240980487,0.5106908243182093,340.6257294893265,copenhagen
SV_Copenhagen_55.6980_12.5598.tif,16.297149658203125,10,4272.2,1388.0,13018.299999999997,70.3,70.6,1.6021507180466716,0.4555912282180777,327.7287567138672,copenhagen
SV_Copenhagen_55.6755_12.5295.tif,17.267608642578125,19,2381.4736842105262,1559.0,10203.2,56.10526315789474,56.68421052631579,1.852668493601632,0.5251585452089068,244.22811845729225,copenhagen
SV_Copenhagen_55.6993_12.5573.tif,38.42048645019531,18,5595.388888888889,4232.5,12407.499999999998,106.38888888888889,95.77777777777777,1.193080041348236,0.47504817544008104,392.0271615518464,copenhagen
SV_Copenhagen_55.6940_12.5551.tif,41.64543151855469,25,4366.84,2479.0,12117.999999999998,76.6,98.56,1.1262510774896908,0.3961720394564178,392.5906897687912,copenhagen
SV_Copenhagen_55.6783_12.5293.tif,29.187393188476562,16,4781.6875,1837.0,21048.5,75.1875,81.9375,0.9181945534618368,0.512401848612323,389.1849189698696,copenhagen
SV_Copenhagen_55.7008_12.5597.tif,26.894760131835938,14,5035.928571428572,2573.0,15738.349999999997,75.42857142857143,82.78571428571429,0.898437891454364,0.49432919321940877,294.5138714994703,copenhagen
SV_Copenhagen_55.6748_12.5462.tif,37.34588623046875,27,3625.777777777778,1132.0,11845.8,75.33333333333333,69.62962962962963,1.1288912941222582,0.5035922881069008,366.4423983317834,copenhagen
SV_Copenhagen_55.6724_12.5565.tif,55.31272888183594,32,4530.40625,2667.0,14101.55,79.6875,83.28125,1.0659013171961746,0.5399253900044079,352.77109650895,copenhagen
SV_Copenhagen_55.6798_12.5342.tif,42.50602722167969,44,2532.25,988.5,10349.300000000003,55.04545454545455,62.84090909090909,1.0200177721698902,0.5565497020240872,261.8798032267527,copenhagen
SV_Copenhagen_55.6700_12.5616.tif,54.30755615234375,20,7118.2,2832.0,26510.45000000001,85.3,109.85,0.8502205475449625,0.5113816031875715,367.05501438379287,copenhagen
SV_Copenhagen_55.6812_12.5510.tif,44.658660888671875,28,4181.071428571428,1629.5,16904.5,66.17857142857143,72.89285714285714,0.9582663527024148,0.5268376723795646,291.28076763238226,copenhagen
SV_Copenhagen_55.6792_12.5890.tif,40.60249328613281,10,10643.7,5960.0,28244.349999999988,135.7,140.1,1.1263374164508724,0.42033466135636643,543.7708042502403,copenhagen
SV_Copenhagen_55.6745_12.5320.tif,19.6441650390625,36,1429.6666666666667,794.0,3151.5,39.666666666666664,40.97222222222222,1.5721221147776205,0.5521288502209284,160.8311701218287,copenhagen
SV_Copenhagen_55.6856_12.5850.tif,63.27018737792969,12,13821.583333333334,2533.0,63710.74999999993,105.5,117.58333333333333,1.0051732231608541,0.43279989736915364,687.2600417633852,copenhagen
SV_Copenhagen_55.6946_12.5869.tif,42.108917236328125,13,8491.23076923077,4681.0,25748.59999999997,130.69230769230768,138.3846153846154,0.9551308444542854,0.3491093171879462,558.1771832521146,copenhagen
SV_Copenhagen_55.6813_12.5409.tif,19.894790649414062,23,2266.9565217391305,983.0,12392.599999999986,50.130434782608695,52.21739130434783,1.0642295305413403,0.5764234396410588,224.0630923198617,copenhagen
SV_Copenhagen_55.6745_12.5345.tif,32.6263427734375,43,1988.3023255813953,1098.0,6697.3,43.48837209302326,60.27906976744186,1.097783445058021,0.5905010148040476,205.72035051223844,copenhagen
SV_Copenhagen_55.7013_12.5840.tif,46.208953857421875,23,5266.695652173913,2852.0,23725.799999999977,79.73913043478261,93.47826086956522,0.9671630299604395,0.4331431061863433,412.6482340926709,copenhagen
SV_Copenhagen_55.6767_12.5892.tif,29.985809326171875,16,4912.875,1739.5,19787.5,80.0,96.5,0.826249836333222,0.5005719590179458,384.84471113979816,copenhagen
SV_Copenhagen_55.6701_12.5635.tif,26.180267333984375,16,4289.375,489.5,19439.0,43.0,76.875,0.6513684298996237,0.5548135178029372,247.7471029907465,copenhagen
SV_Copenhagen_55.6827_12.5558.tif,16.276168823242188,17,2509.5882352941176,1141.0,9029.399999999998,56.88235294117647,65.3529411764706,1.0150995092198067,0.49075566779910473,243.3760144780664,copenhagen
SV_Copenhagen_55.6956_12.5819.tif,21.97723388671875,16,3600.75,2042.0,15231.5,75.5625,82.125,1.1292722776738544,0.45814194933315316,340.82408160716295,copenhagen
SV_Copenhagen_55.6957_12.5844.tif,36.212921142578125,22,4315.0,2140.5,14970.349999999997,80.04545454545455,82.86363636363636,1.1000508752726768,0.4437608799361579,337.307736992836,copenhagen
SV_Copenhagen_55.6909_12.5847.tif,46.09870910644531,34,3554.176470588235,3181.5,8988.199999999999,117.20588235294117,97.76470588235294,1.2482449914765903,0.35862727598772476,396.18483493608585,copenhagen
SV_Copenhagen_55.6812_12.5341.tif,38.965606689453125,56,1823.767857142857,1047.5,7974.75,44.42857142857143,53.267857142857146,0.9916837022877294,0.5567908907049581,216.1277677161353,copenhagen
SV_Copenhagen_55.6756_12.5344.tif,32.75337219238281,37,2319.945945945946,1087.0,7272.599999999997,46.4054054054054,62.2972972972973,0.9216881072085775,0.5767613951551236,226.88770614121412,copenhagen
SV_Copenhagen_55.6814_12.5584.tif,25.168609619140625,10,6597.6,1995.0,27068.099999999984,72.7,107.6,1.2692246893601726,0.3977434454507546,416.9044927120209,copenhagen
SV_Copenhagen_55.6785_12.5367.tif,47.249603271484375,28,4423.357142857143,1061.5,14478.649999999994,67.75,81.0,1.0464082241564532,0.5037694173528043,330.19313351597106,copenhagen
SV_Copenhagen_55.6737_12.5514.tif,54.851531982421875,23,6251.130434782609,1493.0,21002.399999999998,68.52173913043478,89.34782608695652,1.1226996912580873,0.5768282603664222,429.42773858360624,copenhagen
SV_Copenhagen_55.6737_12.5539.tif,65.93780517578125,15,11522.866666666667,5636.0,34949.299999999945,104.46666666666667,117.13333333333334,0.9264222783719452,0.5105553058878538,536.6541815598806,copenhagen
SV_Copenhagen_55.6785_12.5392.tif,48.96049499511719,36,3564.5833333333335,1238.0,15851.25,63.27777777777778,67.61111111111111,1.1805324650895261,0.5161510818401494,283.6371316413085,copenhagen
SV_Copenhagen_55.6909_12.5871.tif,34.55009460449219,17,5327.294117647059,4546.0,12184.399999999983,130.8235294117647,137.05882352941177,1.0962439749539075,0.30446188239789357,498.38439491917103,copenhagen
SV_Copenhagen_55.6744_12.5295.tif,17.753982543945312,20,2326.15,1036.0,5397.500000000014,51.05,49.55,1.7524512303904516,0.561944010337015,217.19122922420502,copenhagen
SV_Copenhagen_55.6787_12.5629.tif,38.779449462890625,16,6353.625,4289.0,15328.5,99.5,115.9375,0.9996700478512539,0.4188809910217759,410.1644399613142,copenhagen
SV_Copenhagen_55.6813_12.5559.tif,7.8594207763671875,18,1144.611111111111,1177.0,2898.1999999999994,32.22222222222222,47.05555555555556,0.7140071488437189,0.6029247546463444,151.728153804938,copenhagen
SV_Copenhagen_55.6806_12.5878.tif,55.536651611328125,12,12131.166666666666,6574.0,35057.299999999996,150.16666666666666,151.33333333333334,1.112052653735015,0.3613324158203684,636.7995390594006,copenhagen
SV_Copenhagen_55.6979_12.5574.tif,29.308319091796875,15,5121.6,4910.0,12331.299999999996,94.06666666666666,90.06666666666666,1.4937621759684936,0.4685477707257539,381.67366741498313,copenhagen
SV_Copenhagen_55.6820_12.5877.tif,60.074615478515625,14,11248.0,3176.0,51989.64999999998,122.85714285714286,106.42857142857143,1.288833529840575,0.38833491360820405,550.8130965317998,copenhagen
SV_Copenhagen_55.6827_12.5533.tif,37.911224365234375,27,3680.5185185185187,657.0,15443.199999999997,66.96296296296296,62.18518518518518,1.096435388691406,0.5371148987754905,271.33655141018056,copenhagen
SV_Copenhagen_55.6965_12.5550.tif,44.364166259765625,24,4845.75,3780.0,17313.49999999999,63.083333333333336,108.875,0.7210895984548147,0.5047171024491859,351.199550618728,copenhagen
SV_Copenhagen_55.6784_12.5318.tif,33.08143615722656,34,2550.4117647058824,882.0,9121.749999999993,65.0,57.588235294117645,1.177050753616933,0.5899575628538,256.71942213002376,copenhagen
SV_Copenhagen_55.6723_12.5540.tif,59.51499938964844,21,7429.0952380952385,3035.0,24987.0,87.66666666666667,132.42857142857142,0.8177575011091507,0.44965097635891677,459.68333637714386,copenhagen
SV_Copenhagen_55.6867_12.5849.tif,59.35020446777344,18,8643.5,3476.0,24664.14999999992,98.11111111111111,106.38888888888889,1.1220378611565143,0.4646057186241306,470.40212510029477,copenhagen
SV_Copenhagen_55.6771_12.5368.tif,36.10420227050781,37,2557.5405405405404,1577.0,7491.199999999999,60.270270270270274,63.62162162162162,0.940161866103274,0.5259083121394544,266.3603140147957,copenhagen
SV_Copenhagen_55.6946_12.5819.tif,30.305862426757812,17,4673.235294117647,2487.0,15947.599999999997,85.29411764705883,93.23529411764706,0.9475974493940195,0.4276446397637364,387.30251749122846,copenhagen
SV_Copenhagen_55.6971_12.5843.tif,38.16070556640625,27,3704.8888888888887,2401.0,12145.499999999998,60.666666666666664,77.11111111111111,0.9922262849899296,0.4925496318089512,303.5505355552391,copenhagen
SV_Copenhagen_55.6772_12.5611.tif,38.910675048828125,18,5666.777777777777,1698.0,16955.399999999987,65.88888888888889,100.38888888888889,0.6901558383140212,0.5569320563192389,330.44593340820734,copenhagen
SV_Copenhagen_55.6761_12.5587.tif,48.76594543457031,11,11621.545454545454,1667.0,29536.0,104.54545454545455,139.9090909090909,1.1722620926677152,0.4484956552149122,494.7573895887895,copenhagen
SV_Copenhagen_55.6881_12.5823.tif,58.935546875,27,5721.962962962963,2568.0,22236.5,91.96296296296296,91.77777777777777,1.0315783110060506,0.44875740305188544,351.4757576915953,copenhagen
SV_Copenhagen_55.6778_12.5879.tif,25.397491455078125,10,6657.8,2895.0,22576.899999999994,88.0,107.0,1.0865194403171707,0.5052103364184442,480.7215619802475,copenhagen
SV_Copenhagen_55.6760_12.5538.tif,16.397476196289062,14,3069.4285714285716,2296.5,9410.3,56.07142857142857,80.21428571428571,1.151876692263128,0.5691930829462328,273.6868882349559,copenhagen
SV_Copenhagen_55.6771_12.5562.tif,17.06085205078125,3,14908.0,18607.0,25339.0,93.33333333333333,173.0,0.4737334100699349,0.3819538726059724,676.1803973118464,copenhagen
SV_Copenhagen_55.7006_12.5497.tif,40.34461975097656,17,6221.235294117647,2481.0,20418.2,106.17647058823529,109.0,0.9943017404732464,0.48886663025108595,469.93119400389054,copenhagen
SV_Copenhagen_55.6800_12.5458.tif,49.19013977050781,38,3393.0789473684213,1300.5,10564.499999999998,60.44736842105263,72.10526315789474,1.0989106713620689,0.5407699515886908,302.7126336850618,copenhagen
SV_Copenhagen_55.6773_12.5630.tif,48.08349609375,15,8403.2,2076.0,31603.39999999998,96.86666666666666,111.86666666666666,0.9075205291815289,0.46445284809754367,473.9383129199346,copenhagen
SV_Copenhagen_55.6700_12.5591.tif,61.322021484375,30,5358.4,1803.5,17993.199999999946,76.5,83.63333333333334,1.0085704403982294,0.4920541468065452,346.45015752712885,copenhagen
SV_Copenhagen_55.6971_12.5868.tif,42.94700622558594,21,5360.809523809524,3327.0,14869.0,91.71428571428571,94.57142857142857,1.0318402521459125,0.4446209585156389,380.02642506077177,copenhagen
SV_Copenhagen_55.6756_12.5320.tif,23.569107055664062,22,2807.409090909091,947.5,10229.25,49.54545454545455,69.86363636363636,1.5309967171067227,0.5213971651715008,267.4639271064238,copenhagen
SV_Copenhagen_55.7007_12.5547.tif,24.73907470703125,14,4632.285714285715,2400.0,15387.949999999997,88.35714285714286,93.78571428571429,0.9412229680321857,0.44599490881572645,355.2299853222711,copenhagen
SV_Copenhagen_55.6957_12.5868.tif,38.751220703125,17,5975.529411764706,1979.0,20411.999999999993,99.88235294117646,100.23529411764706,1.0887025252089213,0.4278211982899134,392.1201349987703,copenhagen
SV_Copenhagen_55.6799_12.5391.tif,41.50810241699219,36,3021.8055555555557,1148.0,12163.0,54.083333333333336,68.08333333333333,0.8226551645567683,0.5225756136437739,264.40661630034447,copenhagen
SV_Copenhagen_55.6828_12.5608.tif,40.74897766113281,18,5933.611111111111,1339.5,21902.049999999996,90.22222222222223,94.38888888888889,1.1216362754661737,0.4824960637402593,424.5721785955959,copenhagen
SV_Copenhagen_55.6971_12.5879.tif,33.15467834472656,17,5112.529411764706,2967.0,12908.599999999999,89.17647058823529,87.29411764705883,1.0319129490709775,0.452659985051965,352.4420102974948,copenhagen
SV_Copenhagen_55.6778_12.5891.tif,19.52362060546875,12,4265.0,2558.0,12834.54999999999,72.91666666666667,93.0,0.9609440219205824,0.5007822163205734,383.2044340868791,copenhagen
SV_Copenhagen_55.6813_12.5534.tif,36.53564453125,39,2455.7948717948716,1385.0,9606.5,53.48717948717949,63.05128205128205,0.9636486625675094,0.5365540106484289,239.43057727508057,copenhagen
SV_Copenhagen_55.6757_12.5394.tif,37.689971923828125,32,3087.15625,2119.0,7545.7,65.4375,73.1875,1.1091391690225354,0.4942231907828454,305.1721326522529,copenhagen
SV_Copenhagen_55.6785_12.5561.tif,12.145233154296875,5,6367.6,1407.0,19814.6,45.0,129.2,0.3266373224148683,0.39004974036491225,432.940114402771,copenhagen
SV_Copenhagen_55.6757_12.5413.tif,37.06550598144531,51,1904.862745098039,1000.0,6401.5,49.03921568627451,54.94117647058823,1.0436209589798207,0.5507860203257037,213.69118520792793,copenhagen
SV_Copenhagen_55.6994_12.5617.tif,35.18791198730469,17,5426.058823529412,1616.0,19490.19999999999,88.29411764705883,88.29411764705883,1.052418918937938,0.45381069104954824,341.215445097755,copenhagen
SV_Copenhagen_55.6777_12.5830.tif,39.971160888671875,9,11642.444444444445,9061.0,34037.79999999999,139.11111111111111,139.88888888888889,1.992719327057717,0.32831000094286417,586.2086143626107,copenhagen
SV_Copenhagen_55.6771_12.5412.tif,38.1805419921875,45,2223.711111111111,1228.0,7663.799999999998,53.24444444444445,61.51111111111111,1.0558159092913588,0.5421304147061513,236.15300006336636,copenhagen
SV_Copenhagen_55.6757_12.5369.tif,37.01057434082031,30,3233.233333333333,1381.5,11331.449999999995,60.233333333333334,71.4,1.010983732881414,0.5012545040133424,309.30225191911063,copenhagen
SV_Copenhagen_55.6826_12.5509.tif,45.34111022949219,25,4754.36,645.0,26144.599999999977,60.76,72.16,0.9218059656063738,0.535639683214963,277.8750660419464,copenhagen
SV_Copenhagen_55.6709_12.5541.tif,55.82466125488281,19,7700.789473684211,4663.0,21761.999999999985,97.05263157894737,120.6842105263158,1.0550901397668933,0.4237168222041069,514.4176764613703,copenhagen
SV_Copenhagen_55.6924_12.5882.tif,8.254241943359375,7,3091.1428571428573,2328.0,7450.699999999997,65.85714285714286,86.28571428571429,0.7478699352831615,0.4179229932034366,285.439618229866,copenhagen
SV_Copenhagen_55.6798_12.5317.tif,46.35734558105469,20,6075.65,2750.5,18809.200000000004,87.8,89.95,1.3322557981685788,0.42786782247827615,472.6015490591526,copenhagen
SV_Copenhagen_55.6772_12.5453.tif,47.312164306640625,48,2583.8333333333335,981.0,9029.8,53.770833333333336,72.6875,0.8862406226153237,0.5258812405498848,257.24564079443616,copenhagen
SV_Copenhagen_55.6786_12.5610.tif,39.25323486328125,12,8575.0,5704.0,26537.75,94.41666666666667,122.5,0.8256071469974205,0.5083566674810542,410.8141568104426,copenhagen
SV_Copenhagen_55.6771_12.5393.tif,42.77839660644531,37,3030.4594594594596,1425.0,9017.399999999989,66.10810810810811,69.4054054054054,0.9690331017877283,0.5021392722406378,301.94766799179285,copenhagen
SV_Copenhagen_55.6698_12.5517.tif,42.574310302734375,14,7970.571428571428,3063.0,27983.699999999997,83.28571428571429,128.35714285714286,1.0584667600647992,0.3714454431076316,654.1180960706303,copenhagen
SV_Copenhagen_55.6952_12.5619.tif,50.62446594238281,5,26541.2,3395.0,85665.19999999998,160.6,190.8,0.8449069213957486,0.46048792095562635,758.5279879808426,copenhagen
SV_Copenhagen_55.6699_12.5566.tif,52.121734619140625,28,4879.535714285715,770.5,23695.849999999984,76.21428571428571,79.32142857142857,1.0449593539750122,0.46691376115429334,334.5076496345656,copenhagen
SV_Copenhagen_55.6784_12.5343.tif,43.06831359863281,41,2753.4634146341464,998.0,14183.0,64.97560975609755,59.853658536585364,1.1123191426740473,0.5804198202010137,262.9697079251452,copenhagen
SV_Copenhagen_55.6966_12.5618.tif,28.421401977539062,5,14901.0,6241.0,40893.799999999996,138.6,154.6,0.9046409465245251,0.4508167133896153,619.5476713895798,copenhagen
SV_Copenhagen_55.6811_12.5291.tif,53.29933166503906,28,4989.857142857143,1420.5,24781.099999999984,77.03571428571429,62.5,1.144434948210137,0.5620307758088844,337.88917368650436,copenhagen
SV_Copenhagen_55.6814_12.5609.tif,38.531494140625,16,6312.8125,1775.0,28270.5,83.25,97.75,1.295376878334182,0.4662563562710791,330.9943158328533,copenhagen
SV_Copenhagen_55.6881_12.5873.tif,59.308624267578125,26,5979.7692307692305,3449.0,16154.75,99.88461538461539,94.8076923076923,1.2328512204313453,0.4536860202305367,440.2265871809079,copenhagen
SV_Copenhagen_55.6814_12.5457.tif,45.32203674316406,25,4751.88,1531.0,17402.199999999975,84.6,100.72,1.1124641298602054,0.3959519660407282,457.4216390132904,copenhagen
SV_Copenhagen_55.6985_12.5867.tif,39.03923034667969,18,5685.5,1623.0,24837.499999999996,88.44444444444444,90.0,1.3639005211310997,0.4792433657667977,396.9608842929204,copenhagen
SV_Copenhagen_55.6761_12.5562.tif,22.527313232421875,6,9842.333333333334,5437.0,26015.0,112.66666666666667,105.0,1.8687285119084116,0.39746842006740285,447.98800923426944,copenhagen
SV_Copenhagen_55.6978_12.5499.tif,45.6146240234375,10,11957.6,11301.5,26623.89999999998,134.8,164.2,1.294944603417997,0.3291402576061363,776.8145764708519,copenhagen
SV_Copenhagen_55.6799_12.5535.tif,35.469818115234375,20,4649.1,2607.0,16839.600000000002,76.25,91.05,1.3464101539018174,0.4003540562956336,420.4313435435295,copenhagen
SV_Copenhagen_55.6882_12.5885.tif,57.614898681640625,18,8390.777777777777,3275.0,24515.449999999924,108.44444444444444,102.77777777777777,1.1571179034596113,0.48202036608207854,479.77223108212155,copenhagen
SV_Copenhagen_55.6941_12.5601.tif,46.65260314941406,15,8153.133333333333,1056.0,34955.69999999998,83.73333333333333,106.33333333333333,1.0426723353129315,0.42073988037612636,517.1260619560877,copenhagen
SV_Copenhagen_55.6746_12.5395.tif,36.162567138671875,41,2311.731707317073,827.0,8765.0,44.26829268292683,64.14634146341463,0.8657376892197804,0.592669008025418,232.26265873850846,copenhagen
SV_Copenhagen_55.6992_12.5498.tif,52.40516662597656,14,9812.642857142857,10437.5,22005.8,146.71428571428572,137.42857142857142,1.3775262848792387,0.35631341995966076,579.4378373111997,copenhagen
SV_Copenhagen_55.6834_12.5876.tif,68.1396484375,12,14884.5,2926.5,54694.19999999997,154.33333333333334,136.91666666666666,1.552843434013817,0.32385644357972254,718.6554723580679,copenhagen
SV_Copenhagen_55.6709_12.5516.tif,38.707733154296875,21,4831.9047619047615,4657.0,13402.0,69.85714285714286,122.76190476190476,0.9968197636122637,0.3590800991788423,430.6377837374097,copenhagen
SV_Copenhagen_55.6994_12.5597.tif,28.931808471679688,18,4213.277777777777,2042.5,12099.599999999997,71.0,73.16666666666667,0.9597045961125732,0.49896227157670775,303.3565953373909,copenhagen
SV_Copenhagen_55.7012_12.5815.tif,37.345123291015625,35,2797.0857142857144,1196.0,9117.89999999997,55.42857142857143,67.05714285714286,0.923558252223248,0.5246106698416503,254.85112993035997,copenhagen
SV_Copenhagen_55.6738_12.5589.tif,67.22831726074219,19,9275.21052631579,2149.0,42798.299999999974,90.36842105263158,113.3157894736842,1.085969336049126,0.4823730130153999,409.8892623311595,copenhagen
SV_Copenhagen_55.6814_12.5450.tif,41.97196960449219,24,4583.75,1146.5,18069.149999999987,84.75,97.04166666666667,1.1268596249757514,0.3809189833006701,436.79339229563874,copenhagen
SV_Copenhagen_55.6970_12.5818.tif,24.9908447265625,17,3853.6470588235293,2426.0,10036.999999999998,79.76470588235294,86.41176470588235,1.030635173814406,0.4512912325550565,357.1431693469777,copenhagen
SV_Copenhagen_55.6812_12.5316.tif,46.854400634765625,29,4235.275862068966,964.0,18970.399999999972,63.310344827586206,73.20689655172414,0.9469546076770501,0.514968491468728,335.5039544886556,copenhagen
SV_Copenhagen_55.6725_12.5614.tif,60.96458435058594,19,8411.105263157895,3630.0,30114.899999999998,98.21052631578948,101.10526315789474,1.036060744358169,0.5279212296457173,404.89103125271043,copenhagen
SV_Copenhagen_55.6710_12.5590.tif,53.88145446777344,41,3444.731707317073,1625.0,8834.0,67.70731707317073,71.3170731707317,1.1024222235868568,0.4939887493382202,281.5145768276075,copenhagen
SV_Copenhagen_55.6739_12.5613.tif,61.658477783203125,12,13469.5,5458.5,44296.1,133.16666666666666,161.25,1.1847158837430258,0.41990165252567185,539.5493648648262,copenhagen
SV_Copenhagen_55.7006_12.5522.tif,33.97674560546875,13,6851.384615384615,4131.0,18690.6,103.61538461538461,132.92307692307693,0.8212527869773134,0.3929499326371463,469.1478809485069,copenhagen
SV_Copenhagen_55.6791_12.5854.tif,60.42289733886719,11,14399.545454545454,12655.0,32027.5,113.36363636363636,191.27272727272728,0.7564245803184287,0.4405252330835621,709.2695422064174,copenhagen
SV_Copenhagen_55.6820_12.5888.tif,62.14752197265625,12,13576.333333333334,2332.0,63130.74999999993,121.5,103.25,1.3451773825656799,0.3764960703044749,556.105119039615,copenhagen
SV_Copenhagen_55.7008_12.5616.tif,16.077423095703125,13,3242.0,641.0,14602.199999999972,61.0,57.38461538461539,0.8906508524327325,0.5354475197191155,205.7886980680319,copenhagen
SV_Copenhagen_55.6946_12.5844.tif,42.028045654296875,18,6120.777777777777,1961.0,22812.29999999999,84.44444444444444,99.55555555555556,0.8361939677603805,0.46615923916278984,358.5569470193651,copenhagen
SV_Copenhagen_55.6998_12.5816.tif,56.71653747558594,17,8745.823529411764,7989.0,21945.599999999995,116.94117647058823,127.11764705882354,1.1045683046572294,0.3765128630994492,595.7464140723733,copenhagen
SV_Copenhagen_55.6772_12.5460.tif,45.99113464355469,43,2803.7441860465115,1330.0,14045.999999999989,58.13953488372093,77.37209302325581,0.885680690301803,0.5116450395740358,285.4877796228542,copenhagen
SV_Copenhagen_55.6786_12.5452.tif,47.064208984375,51,2419.078431372549,989.0,11550.5,50.6078431372549,68.58823529411765,0.8929579826272992,0.5411696705835478,249.87805199623108,copenhagen
SV_NewYork_40.7373_-74.0034.tif,45.57456970214844,26,4594.846153846154,2534.0,11509.5,98.57692307692308,74.46153846153847,1.3304450564077703,0.44580642748248994,396.0899860262871,new_york
SV_NewYork_40.7372_-73.9901.tif,39.63356018066406,17,6111.588235294118,3363.0,20885.399999999998,107.23529411764706,93.88235294117646,1.2322832224243656,0.4714626062426504,427.9524969774134,new_york
SV_NewYork_40.7374_-74.0108.tif,34.131622314453125,19,4709.1578947368425,2396.0,14309.799999999961,85.36842105263158,62.26315789473684,1.4901148897691066,0.49855935558874154,328.0626330877605,new_york
SV_NewYork_40.7360_-74.0071.tif,50.55809020996094,29,4570.172413793103,2645.0,15367.19999999999,82.6896551724138,70.89655172413794,1.5501260898089029,0.4335973731243564,388.5337822601713,new_york
SV_NewYork_40.7400_-73.9852.tif,42.22412109375,34,3255.529411764706,2320.5,8127.599999999993,71.20588235294117,71.67647058823529,1.0072249862403342,0.5018855454301299,283.2354363834157,new_york
SV_NewYork_40.7344_-73.9916.tif,48.30818176269531,20,6331.85,3421.5,19893.100000000002,84.85,97.8,0.9917352617171726,0.4549324248387852,418.71662482023237,new_york
SV_NewYork_40.7345_-74.0034.tif,48.444366455078125,27,4703.259259259259,2996.0,11868.4,93.55555555555556,82.81481481481481,1.406290844336363,0.37370847652644873,421.68798025890635,new_york
SV_NewYork_40.7335_-74.0053.tif,48.97193908691406,34,3775.6176470588234,1674.5,11365.099999999999,83.11764705882354,75.23529411764706,1.1855963330463812,0.4309345117912429,356.91504726339787,new_york
SV_NewYork_40.7334_-74.0020.tif,45.906829833984375,33,3646.7272727272725,2883.0,9617.0,81.45454545454545,81.45454545454545,1.0455940490979887,0.403544532860699,351.9224752223853,new_york
SV_NewYork_40.7359_-74.0020.tif,44.91996765136719,26,4528.807692307692,2978.5,12909.75,80.3076923076923,71.88461538461539,1.3439293008356965,0.4668310569851087,386.1533225407967,new_york
SV_NewYork_40.7333_-73.9798.tif,18.608856201171875,16,3048.875,2444.5,7252.25,74.5,69.1875,1.1255991261383644,0.41391482558142334,330.4823842421174,new_york
SV_NewYork_40.7388_-74.0108.tif,31.070709228515625,15,5430.0,4537.0,14229.49999999999,91.26666666666667,75.66666666666667,1.217753070261489,0.4307141194843133,397.80941723187766,new_york
SV_NewYork_40.7334_-73.9990.tif,38.23661804199219,19,5275.526315789473,2961.0,15689.099999999986,107.21052631578948,87.73684210526316,1.227268096127132,0.4557876863631889,446.00206974305604,new_york
SV_NewYork_40.7374_-74.0052.tif,54.65240478515625,31,4621.548387096775,2433.0,14247.0,95.48387096774194,72.25806451612904,1.2214956202091447,0.4336378964597089,394.4503871356287,new_york
SV_NewYork_40.7386_-73.9852.tif,43.37730407714844,28,4060.6071428571427,2011.0,14356.799999999996,87.03571428571429,74.28571428571429,1.161677032568502,0.43257224966913527,357.81388108645166,new_york
SV_NewYork_40.7387_-73.9915.tif,47.893524169921875,20,6277.5,3561.0,17230.850000000006,94.0,95.1,1.0227688429122268,0.4336716977444091,436.66033643484116,new_york
SV_NewYork_40.7335_-74.0108.tif,39.06974792480469,21,4877.0952380952385,2929.0,16588.0,77.85714285714286,71.85714285714286,1.476502003342407,0.5784916259241873,324.675333908626,new_york
SV_NewYork_40.7345_-73.9971.tif,49.7344970703125,19,6861.894736842105,5997.0,18154.4,133.47368421052633,105.57894736842105,1.4306685222221884,0.3560706223880497,530.0975050173307,new_york
SV_NewYork_40.7359_-74.0034.tif,49.9542236328125,25,5238.08,4353.0,12183.399999999998,96.92,81.6,1.4678174245656006,0.4158386921407994,437.7267226076126,new_york
SV_NewYork_40.7401_-73.9952.tif,60.063934326171875,18,8747.444444444445,5479.5,24976.09999999997,126.22222222222223,106.5,1.1635405346450403,0.4185659360657118,552.0486052764786,new_york
SV_NewYork_40.7388_-74.0089.tif,52.707672119140625,19,7272.105263157895,4525.0,19649.3,107.78947368421052,82.21052631578948,1.453766235330056,0.4358487658668131,494.6553685351422,new_york
SV_NewYork_40.7345_-73.9990.tif,53.82957458496094,23,6135.260869565217,2078.0,24318.199999999986,124.95652173913044,93.30434782608695,1.2330350949729785,0.4193283594678642,502.4284262501675,new_york
SV_NewYork_40.7402_-74.0089.tif,51.7913818359375,21,6465.142857142857,4491.0,19489.0,109.33333333333333,76.19047619047619,1.5462790320515185,0.45766152818007033,446.1078700848988,new_york
SV_NewYork_40.7388_-74.0034.tif,48.39515686035156,26,4879.038461538462,2208.0,15174.75,109.11538461538461,70.84615384615384,1.591473645980197,0.4290951639711152,405.5948697832915,new_york
SV_NewYork_40.7371_-73.9783.tif,23.769378662109375,17,3665.294117647059,3680.0,9497.599999999993,83.41176470588235,84.76470588235294,1.0632729291429168,0.4053083100069153,356.25198367763966,new_york
SV_NewYork_40.7333_-73.9872.tif,47.43614196777344,21,5921.476190476191,1194.0,17645.0,112.95238095238095,84.61904761904762,1.3829237034200885,0.4192277903514263,455.34826166289196,new_york
SV_NewYork_40.7400_-73.9901.tif,48.3123779296875,27,4690.666666666667,2526.0,15998.599999999997,83.0,88.07407407407408,0.9827746298450832,0.4472910242469364,377.43146300315857,new_york
SV_NewYork_40.7343_-73.9783.tif,20.2667236328125,14,3794.8571428571427,3723.0,7506.349999999999,87.28571428571429,85.42857142857143,1.040120130963729,0.36538830099157027,391.0801611457552,new_york
SV_NewYork_40.7346_-74.0053.tif,49.12605285644531,36,3577.25,1747.0,12043.5,77.05555555555556,64.80555555555556,1.3736054947571539,0.5246773925840582,311.34703018930225,new_york
SV_NewYork_40.7400_-73.9834.tif,46.22344970703125,25,4846.88,3125.0,15563.799999999985,98.04,80.44,1.181238619618549,0.4424619665294287,389.62862051963805,new_york
SV_NewYork_40.7374_-74.0071.tif,46.90666198730469,25,4918.52,5314.0,10646.4,87.76,82.12,1.3394413074635139,0.37429653647635275,437.99762328147887,new_york
SV_NewYork_40.7402_-74.0052.tif,42.41142272949219,21,5294.238095238095,2527.0,18247.0,101.14285714285714,65.71428571428571,1.8817739551604127,0.4311343053586423,437.2324621280034,new_york
SV_NewYork_40.7400_-73.9797.tif,40.526580810546875,22,4829.0,3047.0,16436.949999999997,87.5909090909091,78.5,1.4225136552638682,0.48193755281174744,368.92315088077027,new_york
SV_NewYork_40.7387_-73.9971.tif,51.2725830078125,19,7074.105263157895,2655.0,30622.1,109.6842105263158,97.21052631578948,1.0084735379557417,0.4089492993692274,496.7358132349817,new_york
SV_NewYork_40.7402_-74.0034.tif,48.13995361328125,21,6009.333333333333,4066.0,10899.0,122.95238095238095,84.95238095238095,1.536375593551671,0.4058871365549357,496.8227101791473,new_york
SV_NewYork_40.7358_-73.9902.tif,39.20402526855469,19,5409.0,3562.0,10501.799999999961,96.84210526315789,90.78947368421052,1.1551243635881507,0.4831445926747834,374.0518051260396,new_york
SV_NewYork_40.7387_-73.9934.tif,55.484771728515625,15,9696.666666666666,5517.0,30616.4,125.13333333333334,110.26666666666667,1.337164638171696,0.46515240441175637,605.8537862380346,new_york
SV_NewYork_40.7400_-73.9815.tif,45.33729553222656,28,4244.607142857143,3286.0,10455.349999999997,83.71428571428571,80.39285714285714,1.0633488354599259,0.5634463428366425,331.1227248268468,new_york
SV_NewYork_40.7343_-73.9798.tif,21.619415283203125,16,3542.125,2344.0,9669.25,82.25,70.5625,1.1499119993511158,0.5012341496200525,370.2185578942299,new_york
SV_NewYork_40.7372_-73.9834.tif,48.18992614746094,28,4511.678571428572,2050.0,16682.0,83.17857142857143,77.92857142857143,1.1281230028695421,0.46857809252041877,360.3996675312519,new_york
SV_NewYork_40.7358_-73.9816.tif,34.85908508300781,19,4809.526315789473,3580.0,12925.79999999999,107.52631578947368,86.42105263157895,1.3298829472933522,0.3715230984594981,416.62450873851776,new_york
SV_NewYork_40.7334_-73.9972.tif,48.55613708496094,17,7487.470588235294,7322.0,17454.799999999996,137.8235294117647,111.11764705882354,1.1919093458176546,0.3736432256007336,544.3414014928481,new_york
SV_NewYork_40.7344_-73.9853.tif,30.840682983398438,16,5052.9375,3146.5,14617.25,87.125,85.375,1.1840157512002678,0.4396771816258056,389.23632491379976,new_york
SV_NewYork_40.7359_-73.9971.tif,50.77323913574219,20,6654.95,3683.0,18559.700000000008,130.35,100.95,1.347462036961097,0.390903590967651,551.315526419878,new_york
SV_NewYork_40.7402_-74.0071.tif,44.3389892578125,22,5283.272727272727,4302.5,11178.399999999998,93.5,76.68181818181819,2.135065494168617,0.44379517806226293,402.57454282587224,new_york
SV_NewYork_40.7344_-73.9835.tif,38.857269287109375,20,5093.1,3096.5,20643.400000000005,97.25,79.8,1.3097808196857952,0.4687859429021077,387.65272425413133,new_york
SV_NewYork_40.7385_-73.9797.tif,39.362335205078125,23,4486.347826086957,2083.0,17167.899999999994,79.0,80.6086956521739,1.0667053141018663,0.46927239705941376,360.18643045425415,new_york
SV_NewYork_40.7400_-73.9871.tif,40.937042236328125,29,3700.4827586206898,3128.0,8774.199999999993,76.44827586206897,80.89655172413794,1.007361986415893,0.5125222699578925,293.8294650110705,new_york
SV_NewYork_40.7360_-74.0053.tif,55.03082275390625,32,4508.125,1949.5,16697.85,90.53125,69.90625,1.3156162887382021,0.45546144620995266,353.383550722152,new_york
SV_NewYork_40.7333_-73.9902.tif,46.2799072265625,20,6066.0,1910.0,19369.300000000007,90.85,87.05,1.2182972144557913,0.4674522179888186,480.96090214252473,new_york
SV_NewYork_40.7335_-74.0072.tif,48.25935363769531,41,3085.5853658536585,1916.0,7344.0,71.53658536585365,59.26829268292683,1.4027602664736778,0.492078217694756,285.1121620841143,new_york
SV_NewYork_40.7358_-73.9871.tif,42.26341247558594,22,5035.954545454545,4557.5,12508.949999999999,101.0,87.45454545454545,1.2817917293995826,0.42156672131727935,416.93026064742696,new_york
SV_NewYork_40.7333_-73.9853.tif,44.23408508300781,21,5521.761904761905,1189.0,19625.0,85.80952380952381,79.80952380952381,1.083276076942725,0.524465868816414,408.20192083290647,new_york
SV_NewYork_40.7373_-73.9989.tif,45.943450927734375,27,4460.666666666667,2827.0,13453.799999999997,94.03703703703704,87.29629629629629,1.2522408691005413,0.3759946591554671,420.8364701271057,new_york
SV_NewYork_40.7372_-73.9871.tif,43.72825622558594,28,4093.964285714286,2808.0,9365.499999999998,89.67857142857143,81.10714285714286,1.1797895379039767,0.4497230780339579,355.2646051176957,new_york
SV_NewYork_40.7334_-73.9953.tif,50.714874267578125,20,6647.0,6796.0,13191.900000000007,125.05,104.45,1.2267094590241983,0.3490373299633445,516.6980121552945,new_york
SV_NewYork_40.7344_-73.9902.tif,43.5150146484375,20,5703.6,2708.0,22917.000000000004,91.4,88.65,1.2998968032169944,0.41743224396100914,398.96292308568957,new_york
SV_NewYork_40.7335_-74.0035.tif,48.9410400390625,27,4751.481481481482,2881.0,16559.19999999999,94.85185185185185,88.03703703703704,1.0963082440357792,0.38013933088839197,412.0197391995677,new_york
SV_NewYork_40.7372_-73.9916.tif,21.986770629882812,15,3842.4666666666667,2137.0,10557.4,75.26666666666667,78.06666666666666,1.1226971220938822,0.44515483483612833,319.883677705129,new_york
SV_NewYork_40.7401_-73.9989.tif,55.71250915527344,19,7686.684210526316,2024.0,32624.899999999954,122.36842105263158,93.10526315789474,1.1600500258360589,0.5242750471200058,496.6754349972072,new_york
SV_NewYork_40.7374_-74.0089.tif,52.61497497558594,23,5996.826086956522,2699.0,20476.8,96.8695652173913,71.0,1.7702447982870404,0.4422222011604524,451.4245579812838,new_york
SV_NewYork_40.7385_-73.9783.tif,39.887237548828125,18,5809.0,2370.5,19888.599999999977,90.38888888888889,87.5,1.0698610800143655,0.47889539911958157,412.37222360902365,new_york
SV_NewYork_40.7358_-73.9834.tif,46.07391357421875,20,6039.0,3426.0,19722.15,117.25,90.6,1.2757251927282431,0.4170598211990669,464.0754725575447,new_york
SV_NewYork_40.7373_-73.9934.tif,42.364501953125,11,10096.0,3797.0,34009.5,136.54545454545453,104.45454545454545,1.5524297218303973,0.4154451017869387,582.718735315583,new_york
SV_NewYork_40.7346_-74.0108.tif,32.938385009765625,26,3321.0,1979.5,10753.0,69.3076923076923,63.42307692307692,1.3046619803743924,0.5013406949582302,293.7787702542085,new_york
SV_NewYork_40.7373_-73.9971.tif,55.10292053222656,23,6280.391304347826,2655.0,16309.599999999995,98.91304347826087,87.3913043478261,1.124723104719877,0.4884935284328841,414.6464241794918,new_york
SV_NewYork_40.7359_-73.9934.tif,46.4935302734375,16,7617.5,6870.5,19320.5,104.3125,106.3125,0.9613865450638841,0.4791024543540331,462.29527559131384,new_york
SV_NewYork_40.7388_-74.0052.tif,52.41355895996094,25,5495.96,4560.0,16476.39999999999,117.12,71.2,1.603374840999025,0.4078137891966882,469.47604160785676,new_york
SV_NewYork_40.7333_-73.9835.tif,37.26234436035156,18,5426.722222222223,3232.0,16271.099999999993,93.33333333333333,87.38888888888889,1.1282552870986666,0.4701653367095316,437.22361378537283,new_york
SV_NewYork_40.7346_-74.0071.tif,50.07438659667969,32,4101.6875,2518.0,16267.599999999995,84.875,65.0625,1.4656892207438572,0.466341479548784,351.4072833955288,new_york
SV_NewYork_40.7359_-73.9953.tif,50.472259521484375,21,6300.190476190476,5086.0,14106.0,110.9047619047619,101.80952380952381,1.1140084358427902,0.37920954150755354,456.108665120034,new_york
SV_NewYork_40.7359_-73.9990.tif,51.11122131347656,22,6090.227272727273,3533.5,14355.999999999998,120.63636363636364,94.45454545454545,1.289716720930486,0.3625929967253438,540.5479461279782,new_york
SV_NewYork_40.7373_-73.9953.tif,52.752685546875,17,8134.588235294118,7931.0,18557.0,116.29411764705883,113.47058823529412,1.1609862567597395,0.3958003284516736,538.6649568571764,new_york
SV_NewYork_40.7357_-73.9783.tif,19.381332397460938,18,2822.6111111111113,3673.0,4040.9999999999977,71.33333333333333,81.27777777777777,0.8733307220703685,0.4215014133927205,286.01999141772586,new_york
SV_NewYork_40.7357_-73.9797.tif,21.363067626953125,17,3294.235294117647,3637.0,5765.6,86.11764705882354,79.82352941176471,1.0562779606492905,0.43692842203600685,334.4980875113431,new_york
SV_NewYork_40.7358_-73.9853.tif,38.70124816894531,15,6763.533333333334,4347.0,18068.799999999992,122.66666666666667,101.93333333333334,1.2302797217483066,0.4358414302592407,498.76166552702585,new_york
SV_NewYork_40.7386_-73.9815.tif,44.96192932128906,22,5357.5,2505.0,16898.1,94.9090909090909,86.4090909090909,1.2098444486516386,0.4717811121585056,400.93718068708074,new_york
SV_NewYork_40.7373_-74.0020.tif,42.27333068847656,21,5276.714285714285,2137.0,21173.0,99.19047619047619,85.71428571428571,1.2179615957118526,0.3993715311452558,465.6070437942232,new_york
SV_NewYork_40.7387_-74.0020.tif,44.53620910644531,25,4669.96,2674.0,17369.6,93.04,80.28,1.1752674702100299,0.438995996300479,395.35548352718354,new_york
SV_NewYork_40.7358_-73.9916.tif,30.630111694335938,18,4460.833333333333,2730.5,15192.799999999994,72.88888888888889,79.72222222222223,0.9546310305038352,0.5023087279145636,305.55856413973703,new_york
SV_NewYork_40.7386_-73.9834.tif,45.973968505859375,26,4634.7692307692305,2122.0,16326.75,87.26923076923077,79.6923076923077,1.112395929667604,0.44082060133802037,392.3892163221653,new_york
SV_NewYork_40.7344_-73.9871.tif,39.81895446777344,15,6958.866666666667,3165.0,20687.699999999983,125.66666666666667,96.0,1.4681560827929778,0.38624508932247914,522.1936806678772,new_york
SV_NewYork_40.7345_-74.0020.tif,47.39837646484375,27,4601.7037037037035,2881.0,14574.399999999998,88.4074074074074,86.22222222222223,1.1952572938855426,0.35744880879559265,430.0547827747133,new_york
SV_NewYork_40.7388_-74.0071.tif,46.32110595703125,22,5519.454545454545,4425.0,15295.249999999996,87.4090909090909,81.31818181818181,1.2548393565209148,0.4502348314031072,423.85373090613973,new_york
SV_NewYork_40.7402_-74.0107.tif,29.441452026367188,13,5936.846153846154,4420.0,17031.999999999985,99.53846153846153,72.53846153846153,1.732957052857851,0.48250681120498123,366.1013756440236,new_york
SV_NewYork_40.7401_-73.9971.tif,51.57814025878906,19,7116.263157894737,2858.0,20127.299999999992,113.47368421052632,94.47368421052632,1.1531879310492896,0.4685443921477204,518.7498671945773,new_york
SV_NewYork_40.7387_-73.9989.tif,44.487762451171875,27,4319.333333333333,2183.0,15707.999999999996,81.96296296296296,77.85185185185185,1.0600142680834754,0.4836969541279855,356.2763215435876,new_york
SV_NewYork_40.7346_-74.0090.tif,45.71647644042969,32,3745.09375,2562.0,10437.049999999997,69.15625,75.5,1.1796872922094626,0.5426683494416609,302.8023912794888,new_york
SV_NewYork_40.7401_-74.0019.tif,48.96125793457031,24,5347.708333333333,3571.5,18362.84999999998,104.79166666666667,88.91666666666667,1.2200285462930391,0.4294836846004649,434.6088350911935,new_york
SV_NewYork_40.7386_-73.9871.tif,35.277557373046875,34,2719.9411764705883,2077.0,7307.649999999998,68.0,66.52941176470588,1.1278292856012289,0.49264870820865264,261.3004691741046,new_york
SV_NewYork_40.7386_-73.9901.tif,47.229766845703125,24,5158.75,2635.5,15684.549999999996,94.375,84.125,1.1735880994974375,0.4245287689840274,392.26910806198913,new_york
SV_NewYork_40.7333_-73.9816.tif,25.921630859375,17,3997.176470588235,2270.0,11186.599999999997,88.88235294117646,78.70588235294117,1.2282060690986718,0.4302562902160934,404.3931046934689,new_york
SV_NewYork_40.7332_-73.9784.tif,20.567703247070312,10,5391.7,5920.0,8774.55,119.5,101.0,1.1968305326959845,0.26580621993690823,537.9399387717247,new_york
SV_NewYork_40.7334_-73.9916.tif,47.299957275390625,20,6199.7,1811.5,25051.5,88.35,89.95,1.1638366942626697,0.483266795443856,471.60175770521164,new_york
SV_NewYork_40.7372_-73.9853.tif,43.909454345703125,21,5481.238095238095,4516.0,15716.0,114.28571428571429,89.0,1.3070415346233102,0.40751101141431156,450.62826932044254,new_york
SV_NewYork_40.7343_-73.9816.tif,25.670242309570312,21,3204.4285714285716,2684.0,10125.0,76.42857142857143,74.42857142857143,1.152732761757331,0.4501376021503414,336.63135524023147,new_york
SV_NewYork_40.7387_-73.9952.tif,53.11622619628906,21,6630.523809523809,3684.0,18368.0,103.80952380952381,97.28571428571429,1.2888287895543773,0.45881897570820923,471.91538545631226,new_york
SV_NewYork_40.7372_-73.9816.tif,45.475006103515625,19,6274.210526315789,2708.0,27687.499999999978,111.57894736842105,88.36842105263158,1.2571299525693842,0.43639786480187925,413.1340476776424,new_york
SV_NewYork_40.7399_-73.9783.tif,39.8590087890625,20,5224.4,3044.0,14085.600000000002,86.3,89.1,1.2420322677886069,0.4462065354250059,376.89343160390854,new_york
SV_NewYork_40.7345_-73.9934.tif,59.222412109375,22,7056.727272727273,4052.5,22027.699999999997,93.5,99.27272727272727,1.0184907798517486,0.4783953032871375,456.188633647832,new_york
SV_NewYork_40.7371_-73.9797.tif,24.999618530273438,19,3449.2105263157896,3676.0,5427.799999999983,80.73684210526316,83.26315789473684,1.0524953618364434,0.40438398334981174,329.44849007380634,new_york
SV_NewYork_40.7334_-73.9935.tif,51.024627685546875,20,6687.9,3894.5,20273.100000000006,108.25,97.95,1.2824812868574933,0.3931828020654119,507.98739594221115,new_york
SV_NewYork_40.7401_-73.9915.tif,51.38130187988281,31,4344.935483870968,2119.0,15550.5,79.61290322580645,75.06451612903226,1.0644847420616477,0.49926460347305274,331.09938580374563,new_york
SV_NewYork_40.7401_-73.9934.tif,55.76438903808594,25,5847.32,3522.0,19503.199999999993,99.6,87.6,1.1646621398489752,0.4755852633315519,399.33745182991026,new_york
SV_NewYork_40.7360_-74.0108.tif,30.754852294921875,20,4031.1,2961.5,12766.200000000004,85.0,68.25,1.3677363837358776,0.44025322498535846,357.689861792326,new_york
SV_NewYork_40.7345_-73.9953.tif,52.507781982421875,23,5984.608695652174,3670.0,21259.899999999987,109.26086956521739,93.6086956521739,1.3552388468133705,0.38617569232425736,423.3212875335113,new_york
SV_NewYork_40.7360_-74.0090.tif,47.67646789550781,26,4806.7307692307695,2353.5,18191.75,77.53846153846153,73.92307692307692,1.3846290371287242,0.46228376475297944,370.93250240729407,new_york
SV_NewYork_40.7335_-74.0090.tif,48.673248291015625,29,4399.793103448276,2713.0,15616.399999999994,67.34482758620689,76.41379310344827,1.3361254598478458,0.5549059767311155,294.8361388650434,new_york
